municipio,uf,codigo_ibge,lat,lon
ACRELANDIA,AC,1200013,-9.82581,-66.8972
ASSIS BRASIL,AC,1200054,-10.9298,-69.5738
BRASILEIA,AC,1200104,-10.995,-68.7497
BUJARI,AC,1200138,-9.81528,-67.955
CAPIXABA,AC,1200179,-10.566,-67.686
CRUZEIRO DO SUL,AC,1200203,-7.62762,-72.6756
EPITACIOLANDIA,AC,1200252,-11.0188,-68.7341
FEIJO,AC,1200302,-8.17054,-70.351
JORDAO,AC,1200328,-9.1908,-71.9503
MANCIO LIMA,AC,1200336,-7.61657,-72.8997
MANOEL URBANO,AC,1200344,-8.83291,-69.2679
MARECHAL THAUMATURGO,AC,1200351,-8.93898,-72.7997
PLACIDO DE CASTRO,AC,1200385,-10.2806,-67.1371
PORTO ACRE,AC,1200807,-9.58138,-67.5478
PORTO WALTER,AC,1200393,-8.26323,-72.7537
RIO BRANCO,AC,1200401,-9.97499,-67.8243
RODRIGUES ALVES,AC,1200427,-7.73864,-72.661
SANTA ROSA DO PURUS,AC,1200435,-9.44652,-70.4902
SENA MADUREIRA,AC,1200500,-9.06596,-68.6571
SENADOR GUIOMARD,AC,1200450,-10.1497,-67.7362
TARAUACA,AC,1200609,-8.15697,-70.7722
XAPURI,AC,1200708,-10.6516,-68.4969
AGUA BRANCA,AL,2700102,-9.262,-37.938
ANADIA,AL,2700201,-9.68489,-36.3078
ARAPIRACA,AL,2700300,-9.75487,-36.6615
ATALAIA,AL,2700409,-9.5119,-36.0086
BARRA DE SANTO ANTONIO,AL,2700508,-9.4023,-35.5101
BARRA DE SAO MIGUEL,AL,2700607,-9.83842,-35.9057
BATALHA,AL,2700706,-9.6742,-37.133
BELEM,AL,2700805,-9.57047,-36.4904
BELO MONTE,AL,2700904,-9.82272,-37.277
BOCA DA MATA,AL,2701001,-9.64308,-36.2125
BRANQUINHA,AL,2701100,-9.23342,-36.0162
CACIMBINHAS,AL,2701209,-9.40121,-36.9911
CAJUEIRO,AL,2701308,-9.3994,-36.1559
CAMPESTRE,AL,2701357,-8.84723,-35.5685
CAMPO ALEGRE,AL,2701407,-9.78451,-36.3525
CAMPO GRANDE,AL,2701506,-9.95542,-36.7926
CANAPI,AL,2701605,-9.11932,-37.5967
CAPELA,AL,2701704,-9.41504,-36.0826
CARNEIROS,AL,2701803,-9.48476,-37.3773
CHA PRETA,AL,2701902,-9.2556,-36.2983
COITE DO NOIA,AL,2702009,-9.63348,-36.5845
COLONIA LEOPOLDINA,AL,2702108,-8.91806,-35.7214
COQUEIRO SECO,AL,2702207,-9.63715,-35.7994
CORURIPE,AL,2702306,-10.1276,-36.1717
CRAIBAS,AL,2702355,-9.6178,-36.7697
DELMIRO GOUVEIA,AL,2702405,-9.38534,-37.9987
DOIS RIACHOS,AL,2702504,-9.38465,-37.0965
ESTRELA DE ALAGOAS,AL,2702553,-9.39089,-36.7644
FEIRA GRANDE,AL,2702603,-9.89859,-36.6815
FELIZ DESERTO,AL,2702702,-10.2935,-36.3028
FLEXEIRAS,AL,2702801,-9.27281,-35.7139
GIRAU DO PONCIANO,AL,2702900,-9.88404,-36.8316
IBATEGUARA,AL,2703007,-8.97823,-35.9373
IGACI,AL,2703106,-9.53768,-36.6372
IGREJA NOVA,AL,2703205,-10.1235,-36.6597
INHAPI,AL,2703304,-9.22594,-37.7509
JACARE DOS HOMENS,AL,2703403,-9.63545,-37.2076
JACUIPE,AL,2703502,-8.83951,-35.4591
JAPARATINGA,AL,2703601,-9.08746,-35.2634
JARAMATAIA,AL,2703700,-9.66224,-37.0046
JEQUIA DA PRAIA,AL,2703759,-10.0133,-36.0142
JOAQUIM GOMES,AL,2703809,-9.1328,-35.7474
JUNDIA,AL,2703908,-8.93297,-35.5669
JUNQUEIRO,AL,2704005,-9.90696,-36.4803
LAGOA DA CANOA,AL,2704104,-9.83291,-36.7413
LIMOEIRO DE ANADIA,AL,2704203,-9.74098,-36.5121
MACEIO,AL,2704302,-9.66599,-35.735
MAJOR ISIDORO,AL,2704401,-9.53009,-36.992
MAR VERMELHO,AL,2704906,-9.44739,-36.3881
MARAGOGI,AL,2704500,-9.00744,-35.2267
MARAVILHA,AL,2704609,-9.23045,-37.3524
MARECHAL DEODORO,AL,2704708,-9.70971,-35.8967
MARIBONDO,AL,2704807,-9.58353,-36.3045
MATA GRANDE,AL,2705002,-9.11824,-37.7323
MATRIZ DE CAMARAGIBE,AL,2705101,-9.15437,-35.5243
MESSIAS,AL,2705200,-9.39384,-35.8392
MINADOR DO NEGRAO,AL,2705309,-9.31236,-36.8696
MONTEIROPOLIS,AL,2705408,-9.60357,-37.2505
MURICI,AL,2705507,-9.30682,-35.9428
NOVO LINO,AL,2705606,-8.94191,-35.664
OLHO D`AGUA DAS FLORES,AL,2705705,-9.53686,-37.2971
OLHO D`AGUA DO CASADO,AL,2705804,-9.50357,-37.8301
OLHO D`AGUA GRANDE,AL,2705903,-10.0572,-36.8101
OLIVENCA,AL,2706000,-9.51954,-37.1954
OURO BRANCO,AL,2706109,-9.15884,-37.3556
PALESTINA,AL,2706208,-9.67493,-37.339
PALMEIRA DOS INDIOS,AL,2706307,-9.40568,-36.6328
PAO DE ACUCAR,AL,2706406,-9.74032,-37.4403
PARICONHA,AL,2706422,-9.25634,-37.9988
PARIPUEIRA,AL,2706448,-9.46313,-35.552
PASSO DE CAMARAGIBE,AL,2706505,-9.24511,-35.4745
PAULO JACINTO,AL,2706604,-9.36792,-36.3672
PENEDO,AL,2706703,-10.2874,-36.5819
PIACABUCU,AL,2706802,-10.406,-36.434
PILAR,AL,2706901,-9.60135,-35.9543
PINDOBA,AL,2707008,-9.47382,-36.2918
PIRANHAS,AL,2707107,-9.624,-37.757
POCO DAS TRINCHEIRAS,AL,2707206,-9.30742,-37.2889
PORTO CALVO,AL,2707305,-9.05195,-35.3987
PORTO DE PEDRAS,AL,2707404,-9.16006,-35.3049
PORTO REAL DO COLEGIO,AL,2707503,-10.1849,-36.8376
QUEBRANGULO,AL,2707602,-9.32001,-36.4692
RIO LARGO,AL,2707701,-9.47783,-35.8394
ROTEIRO,AL,2707800,-9.83503,-35.9782
SANTA LUZIA DO NORTE,AL,2707909,-9.6037,-35.8232
SANTANA DO IPANEMA,AL,2708006,-9.36999,-37.248
SANTANA DO MUNDAU,AL,2708105,-9.17141,-36.2176
SAO BRAS,AL,2708204,-10.1141,-36.8522
SAO JOSE DA LAJE,AL,2708303,-9.01278,-36.0515
SAO JOSE DA TAPERA,AL,2708402,-9.55768,-37.3831
SAO LUIS DO QUITUNDE,AL,2708501,-9.31816,-35.5606
SAO MIGUEL DOS CAMPOS,AL,2708600,-9.78301,-36.0971
SAO MIGUEL DOS MILAGRES,AL,2708709,-9.26493,-35.3763
SAO SEBASTIAO,AL,2708808,-9.93043,-36.559
SATUBA,AL,2708907,-9.56911,-35.8227
SENADOR RUI PALMEIRA,AL,2708956,-9.46986,-37.4576
TANQUE D`ARCA,AL,2709004,-9.53379,-36.4366
TAQUARANA,AL,2709103,-9.64529,-36.4928
TEOTONIO VILELA,AL,2709152,-9.91656,-36.3492
TRAIPU,AL,2709202,-9.96262,-37.0071
UNIAO DOS PALMARES,AL,2709301,-9.15921,-36.0223
VICOSA,AL,2709400,-9.36763,-36.2431
ALVARAES,AM,1300029,-3.22727,-64.8007
AMATURA,AM,1300060,-3.37455,-68.2005
ANAMA,AM,1300086,-3.56697,-61.3963
ANORI,AM,1300102,-3.74603,-61.6575
APUI,AM,1300144,-7.19409,-59.896
ATALAIA DO NORTE,AM,1300201,-4.37055,-70.1967
AUTAZES,AM,1300300,-3.58574,-59.1256
BARCELOS,AM,1300409,-0.983373,-62.9311
BARREIRINHA,AM,1300508,-2.79886,-57.0679
BENJAMIN CONSTANT,AM,1300607,-4.37768,-70.0342
BERURI,AM,1300631,-3.89874,-61.3616
BOA VISTA DO RAMOS,AM,1300680,-2.97409,-57.5873
BOCA DO ACRE,AM,1300706,-8.74232,-67.3919
BORBA,AM,1300805,-4.39154,-59.5874
CAAPIRANGA,AM,1300839,-3.31537,-61.2206
CANUTAMA,AM,1300904,-6.52582,-64.3953
CARAUARI,AM,1301001,-4.88161,-66.9086
CAREIRO,AM,1301100,-3.76803,-60.369
CAREIRO DA VARZEA,AM,1301159,-3.314,-59.5557
COARI,AM,1301209,-4.09412,-63.1441
CODAJAS,AM,1301308,-3.83053,-62.0658
EIRUNEPE,AM,1301407,-6.65677,-69.8662
ENVIRA,AM,1301506,-7.43789,-70.0281
FONTE BOA,AM,1301605,-2.52342,-66.0942
GUAJARA,AM,1301654,-7.53797,-72.5907
HUMAITA,AM,1301704,-7.51171,-63.0327
IPIXUNA,AM,1301803,-7.04791,-71.6934
IRANDUBA,AM,1301852,-3.27479,-60.19
ITACOATIARA,AM,1301902,-3.13861,-58.4449
ITAMARATI,AM,1301951,-6.43852,-68.2437
ITAPIRANGA,AM,1302009,-2.74081,-58.0293
JAPURA,AM,1302108,-1.88237,-66.9291
JURUA,AM,1302207,-3.48438,-66.0718
JUTAI,AM,1302306,-2.75814,-66.7595
LABREA,AM,1302405,-7.26413,-64.7948
MANACAPURU,AM,1302504,-3.29066,-60.6216
MANAQUIRI,AM,1302553,-3.44078,-60.4612
MANAUS,AM,1302603,-3.11866,-60.0212
MANICORE,AM,1302702,-5.80462,-61.2895
MARAA,AM,1302801,-1.85313,-65.573
MAUES,AM,1302900,-3.39289,-57.7067
NHAMUNDA,AM,1303007,-2.20793,-56.7112
NOVA OLINDA DO NORTE,AM,1303106,-3.90037,-59.094
NOVO AIRAO,AM,1303205,-2.63637,-60.9434
NOVO ARIPUANA,AM,1303304,-5.12593,-60.3732
PARINTINS,AM,1303403,-2.63741,-56.729
PAUINI,AM,1303502,-7.71311,-66.992
PRESIDENTE FIGUEIREDO,AM,1303536,-2.02981,-60.0234
RIO PRETO DA EVA,AM,1303569,-2.7045,-59.6858
SANTA ISABEL DO RIO NEGRO,AM,1303601,-0.410824,-65.0092
SANTO ANTONIO DO ICA,AM,1303700,-3.09544,-67.9463
SAO GABRIEL DA CACHOEIRA,AM,1303809,-0.11909,-67.084
SAO PAULO DE OLIVENCA,AM,1303908,-3.47292,-68.9646
SAO SEBASTIAO DO UATUMA,AM,1303957,-2.55915,-57.8731
SILVES,AM,1304005,-2.81748,-58.248
TABATINGA,AM,1304062,-4.2416,-69.9383
TAPAUA,AM,1304104,-5.62085,-63.1808
TEFE,AM,1304203,-3.36822,-64.7193
TONANTINS,AM,1304237,-2.86582,-67.7919
UARINI,AM,1304260,-2.99609,-65.1133
URUCARA,AM,1304302,-2.52936,-57.7538
URUCURITUBA,AM,1304401,-3.12841,-58.1496
AMAPA,AP,1600105,2.05267,-50.7957
CALCOENE,AP,1600204,2.50475,-50.9512
CUTIAS,AP,1600212,0.970761,-50.8005
FERREIRA GOMES,AP,1600238,0.857256,-51.1795
ITAUBAL,AP,1600253,0.602185,-50.6996
LARANJAL DO JARI,AP,1600279,-0.804911,-52.453
MACAPA,AP,1600303,0.034934,-51.0694
MAZAGAO,AP,1600402,-0.11336,-51.2891
OIAPOQUE,AP,1600501,3.84074,-51.8331
PEDRA BRANCA DO AMAPARI,AP,1600154,0.777424,-51.9503
PORTO GRANDE,AP,1600535,0.71243,-51.4155
PRACUUBA,AP,1600550,1.74543,-50.7892
SANTANA,AP,1600600,-0.045434,-51.1729
SERRA DO NAVIO,AP,1600055,0.901357,-52.0036
TARTARUGALZINHO,AP,1600709,1.50652,-50.9087
VITORIA DO JARI,AP,1600808,-0.938,-52.424
ABAIRA,BA,2900108,-13.2488,-41.6619
ABARE,BA,2900207,-8.72073,-39.1162
ACAJUTIBA,BA,2900306,-11.6575,-38.0197
ADUSTINA,BA,2900355,-10.5437,-38.1113
AGUA FRIA,BA,2900405,-11.8618,-38.7639
AIQUARA,BA,2900603,-14.1269,-39.8937
ALAGOINHAS,BA,2900702,-12.1335,-38.4208
ALCOBACA,BA,2900801,-17.5195,-39.2036
ALMADINA,BA,2900900,-14.7089,-39.6415
AMARGOSA,BA,2901007,-13.0215,-39.602
AMELIA RODRIGUES,BA,2901106,-12.3914,-38.7563
AMERICA DOURADA,BA,2901155,-11.4429,-41.439
ANAGE,BA,2901205,-14.6151,-41.1356
ANDARAI,BA,2901304,-12.8049,-41.3297
ANDORINHA,BA,2901353,-10.3482,-39.8391
ANGICAL,BA,2901403,-12.0063,-44.7003
ANGUERA,BA,2901502,-12.1462,-39.2462
ANTAS,BA,2901601,-10.3856,-38.3401
ANTONIO CARDOSO,BA,2901700,-12.4335,-39.1176
ANTONIO GONCALVES,BA,2901809,-10.5767,-40.2785
APORA,BA,2901908,-11.6577,-38.0814
APUAREMA,BA,2901957,-13.8542,-39.7501
ARACAS,BA,2902054,-12.22,-38.2027
ARACATU,BA,2902005,-14.428,-41.4648
ARACI,BA,2902104,-11.3253,-38.9584
ARAMARI,BA,2902203,-12.0884,-38.4969
ARATACA,BA,2902252,-15.2651,-39.419
ARATUIPE,BA,2902302,-13.0716,-39.0038
AURELINO LEAL,BA,2902401,-14.321,-39.329
BAIANOPOLIS,BA,2902500,-12.3016,-44.5388
BAIXA GRANDE,BA,2902609,-11.9519,-40.169
BANZAE,BA,2902658,-10.5788,-38.6212
BARRA,BA,2902708,-11.0859,-43.1459
BARRA DA ESTIVA,BA,2902807,-13.6237,-41.3347
BARRA DO CHOCA,BA,2902906,-14.8654,-40.5791
BARRA DO MENDES,BA,2903003,-11.81,-42.059
BARRA DO ROCHA,BA,2903102,-14.2,-39.5991
BARREIRAS,BA,2903201,-12.1439,-44.9968
BARRO ALTO,BA,2903235,-11.7605,-41.9054
BARRO PRETO,BA,2903300,-14.7948,-39.476
BARROCAS,BA,2903276,-11.5272,-39.0776
BELMONTE,BA,2903409,-15.8608,-38.8758
BELO CAMPO,BA,2903508,-15.0334,-41.2652
BIRITINGA,BA,2903607,-11.6072,-38.8051
BOA NOVA,BA,2903706,-14.3598,-40.2064
BOA VISTA DO TUPIM,BA,2903805,-12.6498,-40.6064
BOM JESUS DA LAPA,BA,2903904,-13.2506,-43.4108
BOM JESUS DA SERRA,BA,2903953,-14.3663,-40.5126
BONINAL,BA,2904001,-12.7069,-41.8286
BONITO,BA,2904050,-11.9668,-41.2647
BOQUIRA,BA,2904100,-12.8205,-42.7324
BOTUPORA,BA,2904209,-13.3772,-42.5163
BREJOES,BA,2904308,-13.1039,-39.7988
BREJOLANDIA,BA,2904407,-12.4815,-43.9679
BROTAS DE MACAUBAS,BA,2904506,-11.9915,-42.6326
BRUMADO,BA,2904605,-14.2021,-41.6696
BUERAREMA,BA,2904704,-14.9595,-39.3028
BURITIRAMA,BA,2904753,-10.7171,-43.6302
CAATIBA,BA,2904803,-14.9699,-40.4092
CABACEIRAS DO PARAGUACU,BA,2904852,-12.5317,-39.1902
CACHOEIRA,BA,2904902,-12.5994,-38.9587
CACULE,BA,2905008,-14.5003,-42.2229
CAEM,BA,2905107,-11.0677,-40.432
CAETANOS,BA,2905156,-14.3347,-40.9175
CAETITE,BA,2905206,-14.0684,-42.4861
CAFARNAUM,BA,2905305,-11.6914,-41.4688
CAIRU,BA,2905404,-13.4904,-39.0465
CALDEIRAO GRANDE,BA,2905503,-11.0208,-40.2956
CAMACAN,BA,2905602,-15.4142,-39.4919
CAMACARI,BA,2905701,-12.6996,-38.3263
CAMAMU,BA,2905800,-13.9398,-39.1071
CAMPO ALEGRE DE LOURDES,BA,2905909,-9.52221,-43.0126
CAMPO FORMOSO,BA,2906006,-10.5105,-40.32
CANAPOLIS,BA,2906105,-13.0725,-44.201
CANARANA,BA,2906204,-11.6858,-41.7677
CANAVIEIRAS,BA,2906303,-15.6722,-38.9536
CANDEAL,BA,2906402,-11.8049,-39.1203
CANDEIAS,BA,2906501,-12.6716,-38.5472
CANDIBA,BA,2906600,-14.4097,-42.8667
CANDIDO SALES,BA,2906709,-15.4993,-41.2414
CANSANCAO,BA,2906808,-10.6647,-39.4944
CANUDOS,BA,2906824,-9.90014,-39.1471
CAPELA DO ALTO ALEGRE,BA,2906857,-11.6658,-39.8349
CAPIM GROSSO,BA,2906873,-11.3797,-40.0089
CARAIBAS,BA,2906899,-14.7177,-41.2603
CARAVELAS,BA,2906907,-17.7268,-39.2597
CARDEAL DA SILVA,BA,2907004,-11.9472,-37.9469
CARINHANHA,BA,2907103,-14.2985,-43.7724
CASA NOVA,BA,2907202,-9.16408,-40.974
CASTRO ALVES,BA,2907301,-12.7579,-39.4248
CATOLANDIA,BA,2907400,-12.31,-44.8648
CATU,BA,2907509,-12.3513,-38.3791
CATURAMA,BA,2907558,-13.3239,-42.2904
CENTRAL,BA,2907608,-11.1376,-42.1116
CHORROCHO,BA,2907707,-8.9695,-39.0979
CICERO DANTAS,BA,2907806,-10.5897,-38.3794
CIPO,BA,2907905,-11.1032,-38.5179
COARACI,BA,2908002,-14.637,-39.5556
COCOS,BA,2908101,-14.1814,-44.5352
CONCEICAO DA FEIRA,BA,2908200,-12.5078,-38.9978
CONCEICAO DO ALMEIDA,BA,2908309,-12.7836,-39.1715
CONCEICAO DO COITE,BA,2908408,-11.56,-39.2808
CONCEICAO DO JACUIPE,BA,2908507,-12.3268,-38.7684
CONDE,BA,2908606,-11.8179,-37.6131
CONDEUBA,BA,2908705,-14.9022,-41.9718
CONTENDAS DO SINCORA,BA,2908804,-13.7537,-41.048
CORACAO DE MARIA,BA,2908903,-12.2333,-38.7487
CORDEIROS,BA,2909000,-15.0356,-41.9308
CORIBE,BA,2909109,-13.8232,-44.4586
CORONEL JOAO SA,BA,2909208,-10.2847,-37.9198
CORRENTINA,BA,2909307,-13.3477,-44.6333
COTEGIPE,BA,2909406,-12.0228,-44.2566
CRAVOLANDIA,BA,2909505,-13.3531,-39.8031
CRISOPOLIS,BA,2909604,-11.5059,-38.1515
CRISTOPOLIS,BA,2909703,-12.2249,-44.4214
CRUZ DAS ALMAS,BA,2909802,-12.6675,-39.1008
CURACA,BA,2909901,-8.98458,-39.8997
DARIO MEIRA,BA,2910008,-14.4229,-39.9031
DIAS D`AVILA,BA,2910057,-12.6187,-38.2926
DOM BASILIO,BA,2910107,-13.7565,-41.7677
DOM MACEDO COSTA,BA,2910206,-12.9016,-39.1923
ELISIO MEDRADO,BA,2910305,-12.9417,-39.5191
ENCRUZILHADA,BA,2910404,-15.5302,-40.9124
ENTRE RIOS,BA,2910503,-11.9392,-38.0871
ERICO CARDOSO,BA,2900504,-13.4215,-42.1352
ESPLANADA,BA,2910602,-11.7942,-37.9432
EUCLIDES DA CUNHA,BA,2910701,-10.5078,-39.0153
EUNAPOLIS,BA,2910727,-16.3715,-39.5821
FATIMA,BA,2910750,-10.616,-38.2239
FEIRA DA MATA,BA,2910776,-14.2044,-44.2744
FEIRA DE SANTANA,BA,2910800,-12.2664,-38.9663
FILADELFIA,BA,2910859,-10.7405,-40.1437
FIRMINO ALVES,BA,2910909,-14.9823,-39.9269
FLORESTA AZUL,BA,2911006,-14.8629,-39.6579
FORMOSA DO RIO PRETO,BA,2911105,-11.0328,-45.193
GANDU,BA,2911204,-13.7441,-39.4747
GAVIAO,BA,2911253,-11.4688,-39.7757
GENTIO DO OURO,BA,2911303,-11.4342,-42.5077
GLORIA,BA,2911402,-9.34382,-38.2544
GONGOGI,BA,2911501,-14.3195,-39.469
GOVERNADOR MANGABEIRA,BA,2911600,-12.5994,-39.0412
GUAJERU,BA,2911659,-14.5467,-41.9381
GUANAMBI,BA,2911709,-14.2231,-42.7799
GUARATINGA,BA,2911808,-16.5833,-39.7847
HELIOPOLIS,BA,2911857,-10.6825,-38.2907
IACU,BA,2911907,-12.7666,-40.2056
IBIASSUCE,BA,2912004,-14.2711,-42.257
IBICARAI,BA,2912103,-14.8579,-39.5914
IBICOARA,BA,2912202,-13.4059,-41.284
IBICUI,BA,2912301,-14.845,-39.9879
IBIPEBA,BA,2912400,-11.6438,-42.0195
IBIPITANGA,BA,2912509,-12.8804,-42.4856
IBIQUERA,BA,2912608,-12.6444,-40.9338
IBIRAPITANGA,BA,2912707,-14.1649,-39.3787
IBIRAPUA,BA,2912806,-17.6832,-40.1129
IBIRATAIA,BA,2912905,-14.0643,-39.6459
IBITIARA,BA,2913002,-12.6502,-42.2179
IBITITA,BA,2913101,-11.5414,-41.9748
IBOTIRAMA,BA,2913200,-12.1779,-43.2167
ICHU,BA,2913309,-11.7431,-39.1905
IGAPORA,BA,2913408,-13.774,-42.7155
IGRAPIUNA,BA,2913457,-13.8295,-39.1361
IGUAI,BA,2913507,-14.7528,-40.0894
ILHEUS,BA,2913606,-14.793,-39.046
INHAMBUPE,BA,2913705,-11.781,-38.355
IPECAETA,BA,2913804,-12.3028,-39.3069
IPIAU,BA,2913903,-14.1226,-39.7353
IPIRA,BA,2914000,-12.1561,-39.7359
IPUPIARA,BA,2914109,-11.8219,-42.6179
IRAJUBA,BA,2914208,-13.2563,-40.0848
IRAMAIA,BA,2914307,-13.2902,-40.9595
IRAQUARA,BA,2914406,-12.2429,-41.6155
IRARA,BA,2914505,-12.0504,-38.7631
IRECE,BA,2914604,-11.3033,-41.8535
ITABELA,BA,2914653,-16.5732,-39.5593
ITABERABA,BA,2914703,-12.5242,-40.3059
ITABUNA,BA,2914802,-14.7876,-39.2781
ITACARE,BA,2914901,-14.2784,-38.9959
ITAETE,BA,2915007,-12.9831,-40.9677
ITAGI,BA,2915106,-14.1615,-40.0131
ITAGIBA,BA,2915205,-14.2782,-39.8449
ITAGIMIRIM,BA,2915304,-16.0819,-39.6133
ITAGUACU DA BAHIA,BA,2915353,-11.0147,-42.3997
ITAJU DO COLONIA,BA,2915403,-15.1366,-39.7283
ITAJUIPE,BA,2915502,-14.6788,-39.3698
ITAMARAJU,BA,2915601,-17.0378,-39.5386
ITAMARI,BA,2915700,-13.7782,-39.683
ITAMBE,BA,2915809,-15.2429,-40.63
ITANAGRA,BA,2915908,-12.2614,-38.0436
ITANHEM,BA,2916005,-17.1642,-40.3321
ITAPARICA,BA,2916104,-12.8932,-38.68
ITAPE,BA,2916203,-14.8876,-39.4239
ITAPEBI,BA,2916302,-15.9551,-39.5329
ITAPETINGA,BA,2916401,-15.2475,-40.2482
ITAPICURU,BA,2916500,-11.3088,-38.2262
ITAPITANGA,BA,2916609,-14.4139,-39.5657
ITAQUARA,BA,2916708,-13.4459,-39.9378
ITARANTIM,BA,2916807,-15.6528,-40.065
ITATIM,BA,2916856,-12.7099,-39.6952
ITIRUCU,BA,2916906,-13.529,-40.1472
ITIUBA,BA,2917003,-10.6948,-39.8446
ITORORO,BA,2917102,-15.11,-40.0684
ITUACU,BA,2917201,-13.8107,-41.3003
ITUBERA,BA,2917300,-13.7249,-39.1481
IUIU,BA,2917334,-14.4054,-43.5595
JABORANDI,BA,2917359,-13.6071,-44.4255
JACARACI,BA,2917409,-14.8541,-42.4329
JACOBINA,BA,2917508,-11.1812,-40.5117
JAGUAQUARA,BA,2917607,-13.5248,-39.964
JAGUARARI,BA,2917706,-10.2569,-40.1999
JAGUARIPE,BA,2917805,-13.1109,-38.8939
JANDAIRA,BA,2917904,-11.5616,-37.7853
JEQUIE,BA,2918001,-13.8509,-40.0877
JEREMOABO,BA,2918100,-10.0685,-38.3471
JIQUIRICA,BA,2918209,-13.2621,-39.5737
JITAUNA,BA,2918308,-14.0131,-39.8969
JOAO DOURADO,BA,2918357,-11.3486,-41.6548
JUAZEIRO,BA,2918407,-9.41622,-40.5033
JUCURUCU,BA,2918456,-16.8488,-40.1641
JUSSARA,BA,2918506,-11.0431,-41.9702
JUSSARI,BA,2918555,-15.192,-39.491
JUSSIAPE,BA,2918605,-13.5155,-41.5882
LAFAIETE COUTINHO,BA,2918704,-13.6541,-40.2119
LAGOA REAL,BA,2918753,-14.0334,-42.1328
LAJE,BA,2918803,-13.1673,-39.4213
LAJEDAO,BA,2918902,-17.6056,-40.3383
LAJEDINHO,BA,2919009,-12.3529,-40.9048
LAJEDO DO TABOCAL,BA,2919058,-13.4663,-40.2204
LAMARAO,BA,2919108,-11.773,-38.887
LAPAO,BA,2919157,-11.3851,-41.8286
LAURO DE FREITAS,BA,2919207,-12.8978,-38.321
LENCOIS,BA,2919306,-12.5616,-41.3928
LICINIO DE ALMEIDA,BA,2919405,-14.6842,-42.5095
LIVRAMENTO DE NOSSA SENHORA,BA,2919504,-13.6369,-41.8432
LUIS EDUARDO MAGALHAES,BA,2919553,-12.0956,-45.7866
MACAJUBA,BA,2919603,-12.1326,-40.3571
MACARANI,BA,2919702,-15.5646,-40.4209
MACAUBAS,BA,2919801,-13.0186,-42.6945
MACURURE,BA,2919900,-9.16226,-39.0518
MADRE DE DEUS,BA,2919926,-12.7446,-38.6153
MAETINGA,BA,2919959,-14.6623,-41.4915
MAIQUINIQUE,BA,2920007,-15.624,-40.2587
MAIRI,BA,2920106,-11.7107,-40.1437
MALHADA,BA,2920205,-14.3371,-43.7686
MALHADA DE PEDRAS,BA,2920304,-14.3847,-41.8842
MANOEL VITORINO,BA,2920403,-14.1476,-40.2399
MANSIDAO,BA,2920452,-10.7227,-44.0428
MARACAS,BA,2920502,-13.4355,-40.4323
MARAGOGIPE,BA,2920601,-12.776,-38.9175
MARAU,BA,2920700,-14.1035,-39.0137
MARCIONILIO SOUZA,BA,2920809,-13.0064,-40.5295
MASCOTE,BA,2920908,-15.5542,-39.3016
MATA DE SAO JOAO,BA,2921005,-12.5307,-38.3009
MATINA,BA,2921054,-13.9109,-42.8439
MEDEIROS NETO,BA,2921104,-17.3707,-40.2238
MIGUEL CALMON,BA,2921203,-11.4299,-40.6031
MILAGRES,BA,2921302,-12.8646,-39.8611
MIRANGABA,BA,2921401,-10.961,-40.574
MIRANTE,BA,2921450,-14.2385,-40.7718
MONTE SANTO,BA,2921500,-10.4374,-39.3321
MORPARA,BA,2921609,-11.5569,-43.2766
MORRO DO CHAPEU,BA,2921708,-11.5488,-41.1565
MORTUGABA,BA,2921807,-15.0225,-42.3727
MUCUGE,BA,2921906,-13.0053,-41.3703
MUCURI,BA,2922003,-18.0754,-39.5565
MULUNGU DO MORRO,BA,2922052,-11.9648,-41.6374
MUNDO NOVO,BA,2922102,-11.8541,-40.4714
MUNIZ FERREIRA,BA,2922201,-13.0092,-39.1092
MUQUEM DE SAO FRANCISCO,BA,2922250,-12.065,-43.5497
MURITIBA,BA,2922300,-12.6329,-38.9921
MUTUIPE,BA,2922409,-13.2284,-39.5044
NAZARE,BA,2922508,-13.0235,-39.0108
NILO PECANHA,BA,2922607,-13.604,-39.1091
NORDESTINA,BA,2922656,-10.8192,-39.4297
NOVA CANAA,BA,2922706,-14.7912,-40.1458
NOVA FATIMA,BA,2922730,-11.6031,-39.6302
NOVA IBIA,BA,2922755,-13.812,-39.6182
NOVA ITARANA,BA,2922805,-13.0241,-40.0653
NOVA REDENCAO,BA,2922854,-12.815,-41.0748
NOVA SOURE,BA,2922904,-11.2329,-38.4871
NOVA VICOSA,BA,2923001,-17.8926,-39.3743
NOVO HORIZONTE,BA,2923035,-12.8083,-42.1682
NOVO TRIUNFO,BA,2923050,-10.3182,-38.4014
OLINDINA,BA,2923100,-11.3497,-38.3379
OLIVEIRA DOS BREJINHOS,BA,2923209,-12.3132,-42.8969
OURICANGAS,BA,2923308,-12.0175,-38.6166
OUROLANDIA,BA,2923357,-10.9578,-41.0756
PALMAS DE MONTE ALTO,BA,2923407,-14.2676,-43.1609
PALMEIRAS,BA,2923506,-12.5059,-41.5809
PARAMIRIM,BA,2923605,-13.4388,-42.2395
PARATINGA,BA,2923704,-12.687,-43.1798
PARIPIRANGA,BA,2923803,-10.6859,-37.8626
PAU BRASIL,BA,2923902,-15.4572,-39.6458
PAULO AFONSO,BA,2924009,-9.3983,-38.2216
PE DE SERRA,BA,2924058,-11.8313,-39.611
PEDRAO,BA,2924108,-12.1491,-38.6487
PEDRO ALEXANDRE,BA,2924207,-10.012,-37.8932
PIATA,BA,2924306,-13.1465,-41.7702
PILAO ARCADO,BA,2924405,-10.0051,-42.4936
PINDAI,BA,2924504,-14.4921,-42.686
PINDOBACU,BA,2924603,-10.7433,-40.3675
PINTADAS,BA,2924652,-11.8117,-39.9009
PIRAI DO NORTE,BA,2924678,-13.759,-39.3836
PIRIPA,BA,2924702,-14.9444,-41.7168
PIRITIBA,BA,2924801,-11.73,-40.5587
PLANALTINO,BA,2924900,-13.2618,-40.3695
PLANALTO,BA,2925006,-14.6654,-40.4718
POCOES,BA,2925105,-14.5234,-40.3634
POJUCA,BA,2925204,-12.4303,-38.3374
PONTO NOVO,BA,2925253,-10.8653,-40.1311
PORTO SEGURO,BA,2925303,-16.4435,-39.0643
POTIRAGUA,BA,2925402,-15.5943,-39.8638
PRADO,BA,2925501,-17.3364,-39.2227
PRESIDENTE DUTRA,BA,2925600,-11.2923,-41.9843
PRESIDENTE JANIO QUADROS,BA,2925709,-14.6885,-41.6798
PRESIDENTE TANCREDO NEVES,BA,2925758,-13.4471,-39.4203
QUEIMADAS,BA,2925808,-10.9736,-39.6293
QUIJINGUE,BA,2925907,-10.7505,-39.2137
QUIXABEIRA,BA,2925931,-11.4031,-40.12
RAFAEL JAMBEIRO,BA,2925956,-12.4053,-39.5007
REMANSO,BA,2926004,-9.61944,-42.0848
RETIROLANDIA,BA,2926103,-11.4832,-39.4234
RIACHAO DAS NEVES,BA,2926202,-11.7508,-44.9143
RIACHAO DO JACUIPE,BA,2926301,-11.8067,-39.3818
RIACHO DE SANTANA,BA,2926400,-13.6059,-42.9397
RIBEIRA DO AMPARO,BA,2926509,-11.0421,-38.4242
RIBEIRA DO POMBAL,BA,2926608,-10.8373,-38.5382
RIBEIRAO DO LARGO,BA,2926657,-15.4508,-40.7441
RIO DE CONTAS,BA,2926707,-13.5852,-41.8048
RIO DO ANTONIO,BA,2926806,-14.4071,-42.0721
RIO DO PIRES,BA,2926905,-13.1185,-42.2902
RIO REAL,BA,2927002,-11.4814,-37.9332
RODELAS,BA,2927101,-8.85021,-38.78
RUY BARBOSA,BA,2927200,-12.2816,-40.4931
SALINAS DA MARGARIDA,BA,2927309,-12.873,-38.7562
SALVADOR,BA,2927408,-12.9718,-38.5011
SANTA BARBARA,BA,2927507,-11.9515,-38.9681
SANTA BRIGIDA,BA,2927606,-9.73227,-38.1209
SANTA CRUZ CABRALIA,BA,2927705,-16.2825,-39.0295
SANTA CRUZ DA VITORIA,BA,2927804,-14.964,-39.8115
SANTA INES,BA,2927903,-13.2793,-39.814
SANTA LUZIA,BA,2928059,-15.4342,-39.3287
SANTA MARIA DA VITORIA,BA,2928109,-13.3859,-44.2011
SANTA RITA DE CASSIA,BA,2928406,-11.0063,-44.5255
SANTA TERESINHA,BA,2928505,-12.7697,-39.5215
SANTALUZ,BA,2928000,-11.2508,-39.375
SANTANA,BA,2928208,-12.9792,-44.0506
SANTANOPOLIS,BA,2928307,-12.0311,-38.8694
SANTO AMARO,BA,2928604,-12.5472,-38.7137
SANTO ANTONIO DE JESUS,BA,2928703,-12.9614,-39.2584
SANTO ESTEVAO,BA,2928802,-12.428,-39.2505
SAO DESIDERIO,BA,2928901,-12.3572,-44.9769
SAO DOMINGOS,BA,2928950,-11.4649,-39.5268
SAO FELIPE,BA,2929107,-12.8394,-39.0893
SAO FELIX,BA,2929008,-12.6104,-38.9727
SAO FELIX DO CORIBE,BA,2929057,-13.4019,-44.1837
SAO FRANCISCO DO CONDE,BA,2929206,-12.6183,-38.6786
SAO GABRIEL,BA,2929255,-11.2175,-41.8843
SAO GONCALO DOS CAMPOS,BA,2929305,-12.4331,-38.9663
SAO JOSE DA VITORIA,BA,2929354,-15.0787,-39.3437
SAO JOSE DO JACUIPE,BA,2929370,-11.4137,-39.8669
SAO MIGUEL DAS MATAS,BA,2929404,-13.0434,-39.4578
SAO SEBASTIAO DO PASSE,BA,2929503,-12.5123,-38.4905
SAPEACU,BA,2929602,-12.7208,-39.1824
SATIRO DIAS,BA,2929701,-11.5929,-38.5938
SAUBARA,BA,2929750,-12.7387,-38.7625
SAUDE,BA,2929800,-10.9428,-40.4155
SEABRA,BA,2929909,-12.4169,-41.7722
SEBASTIAO LARANJEIRAS,BA,2930006,-14.571,-42.9434
SENHOR DO BONFIM,BA,2930105,-10.4594,-40.1865
SENTO SE,BA,2930204,-9.74138,-41.8786
SERRA DO RAMALHO,BA,2930154,-13.5659,-43.5929
SERRA DOURADA,BA,2930303,-12.759,-43.9504
SERRA PRETA,BA,2930402,-12.156,-39.3305
SERRINHA,BA,2930501,-11.6584,-39.01
SERROLANDIA,BA,2930600,-11.4085,-40.2983
SIMOES FILHO,BA,2930709,-12.7866,-38.4029
SITIO DO MATO,BA,2930758,-13.0801,-43.4689
SITIO DO QUINTO,BA,2930766,-10.3545,-38.2213
SOBRADINHO,BA,2930774,-9.45024,-40.8145
SOUTO SOARES,BA,2930808,-12.088,-41.6427
TABOCAS DO BREJO VELHO,BA,2930907,-12.7026,-44.0075
TANHACU,BA,2931004,-14.0197,-41.2473
TANQUE NOVO,BA,2931053,-13.5485,-42.4934
TANQUINHO,BA,2931103,-11.968,-39.1033
TAPEROA,BA,2931202,-13.5321,-39.1009
TAPIRAMUTA,BA,2931301,-11.8475,-40.7927
TEIXEIRA DE FREITAS,BA,2931350,-17.5399,-39.74
TEODORO SAMPAIO,BA,2931400,-12.295,-38.6347
TEOFILANDIA,BA,2931509,-11.4827,-38.9913
TEOLANDIA,BA,2931608,-13.5896,-39.484
TERRA NOVA,BA,2931707,-12.3888,-38.6238
TREMEDAL,BA,2931806,-14.9736,-41.4142
TUCANO,BA,2931905,-10.9584,-38.7894
UAUA,BA,2932002,-9.83325,-39.4794
UBAIRA,BA,2932101,-13.2714,-39.666
UBAITABA,BA,2932200,-14.303,-39.3222
UBATA,BA,2932309,-14.2063,-39.5207
UIBAI,BA,2932408,-11.3394,-42.1354
UMBURANAS,BA,2932457,-10.7339,-41.3234
UNA,BA,2932507,-15.2791,-39.0765
URANDI,BA,2932606,-14.7678,-42.6498
URUCUCA,BA,2932705,-14.5963,-39.2851
UTINGA,BA,2932804,-12.0783,-41.0954
VALENCA,BA,2932903,-13.3669,-39.073
VALENTE,BA,2933000,-11.4062,-39.457
VARZEA DA ROCA,BA,2933059,-11.6005,-40.1328
VARZEA DO POCO,BA,2933109,-11.5273,-40.3149
VARZEA NOVA,BA,2933158,-11.2557,-40.9432
VARZEDO,BA,2933174,-12.9672,-39.3919
VERA CRUZ,BA,2933208,-12.9568,-38.6153
VEREDA,BA,2933257,-17.2183,-40.0974
VITORIA DA CONQUISTA,BA,2933307,-14.8615,-40.8442
WAGNER,BA,2933406,-12.2819,-41.1715
WANDERLEY,BA,2933455,-12.1144,-43.8958
WENCESLAU GUIMARAES,BA,2933505,-13.6908,-39.4762
XIQUE-XIQUE,BA,2933604,-10.823,-42.7245
ABAIARA,CE,2300101,-7.34588,-39.0416
ACARAPE,CE,2300150,-4.22083,-38.7055
ACARAU,CE,2300200,-2.88769,-40.1183
ACOPIARA,CE,2300309,-6.08911,-39.448
AIUABA,CE,2300408,-6.57122,-40.1178
ALCANTARAS,CE,2300507,-3.58537,-40.5479
ALTANEIRA,CE,2300606,-6.99837,-39.7356
ALTO SANTO,CE,2300705,-5.50894,-38.2743
AMONTADA,CE,2300754,-3.36017,-39.8288
ANTONINA DO NORTE,CE,2300804,-6.76919,-39.987
APUIARES,CE,2300903,-3.94506,-39.4359
AQUIRAZ,CE,2301000,-3.89929,-38.3896
ARACATI,CE,2301109,-4.55826,-37.7679
ARACOIABA,CE,2301208,-4.36872,-38.8125
ARARENDA,CE,2301257,-4.74567,-40.831
ARARIPE,CE,2301307,-7.21319,-40.1359
ARATUBA,CE,2301406,-4.41229,-39.0471
ARNEIROZ,CE,2301505,-6.3165,-40.1653
ASSARE,CE,2301604,-6.8669,-39.8689
AURORA,CE,2301703,-6.93349,-38.9742
BAIXIO,CE,2301802,-6.71945,-38.7134
BANABUIU,CE,2301851,-5.30454,-38.9132
BARBALHA,CE,2301901,-7.2982,-39.3021
BARREIRA,CE,2301950,-4.28921,-38.6429
BARRO,CE,2302008,-7.17188,-38.7741
BARROQUINHA,CE,2302057,-3.02051,-41.1358
BATURITE,CE,2302107,-4.32598,-38.8812
BEBERIBE,CE,2302206,-4.17741,-38.1271
BELA CRUZ,CE,2302305,-3.04996,-40.1671
BOA VIAGEM,CE,2302404,-5.11258,-39.7337
BREJO SANTO,CE,2302503,-7.48469,-38.9799
CAMOCIM,CE,2302602,-2.9005,-40.8544
CAMPOS SALES,CE,2302701,-7.06761,-40.3687
CANINDE,CE,2302800,-4.35162,-39.3155
CAPISTRANO,CE,2302909,-4.45569,-38.9048
CARIDADE,CE,2303006,-4.22514,-39.1912
CARIRE,CE,2303105,-3.94858,-40.476
CARIRIACU,CE,2303204,-7.02808,-39.2828
CARIUS,CE,2303303,-6.52428,-39.4916
CARNAUBAL,CE,2303402,-4.15985,-40.9413
CASCAVEL,CE,2303501,-4.12967,-38.2412
CATARINA,CE,2303600,-6.12291,-39.8736
CATUNDA,CE,2303659,-4.64336,-40.2
CAUCAIA,CE,2303709,-3.72797,-38.6619
CEDRO,CE,2303808,-6.60034,-39.0609
CHAVAL,CE,2303907,-3.03571,-41.2435
CHORO,CE,2303931,-4.83906,-39.1344
CHOROZINHO,CE,2303956,-4.28873,-38.4986
COREAU,CE,2304004,-3.5415,-40.6587
CRATEUS,CE,2304103,-5.16768,-40.6536
CRATO,CE,2304202,-7.2153,-39.4103
CROATA,CE,2304236,-4.40481,-40.9022
CRUZ,CE,2304251,-2.91813,-40.176
DEPUTADO IRAPUAN PINHEIRO,CE,2304269,-5.91485,-39.257
ERERE,CE,2304277,-6.02751,-38.3461
EUSEBIO,CE,2304285,-3.8925,-38.4559
FARIAS BRITO,CE,2304301,-6.92146,-39.5651
FORQUILHA,CE,2304350,-3.79945,-40.2634
FORTALEZA,CE,2304400,-3.71664,-38.5423
FORTIM,CE,2304459,-4.45126,-37.7981
FRECHEIRINHA,CE,2304509,-3.75557,-40.818
GENERAL SAMPAIO,CE,2304608,-4.04351,-39.454
GRACA,CE,2304657,-4.04422,-40.749
GRANJA,CE,2304707,-3.12788,-40.8372
GRANJEIRO,CE,2304806,-6.88134,-39.2144
GROAIRAS,CE,2304905,-3.91787,-40.3852
GUAIUBA,CE,2304954,-4.04057,-38.6404
GUARACIABA DO NORTE,CE,2305001,-4.15814,-40.7476
GUARAMIRANGA,CE,2305100,-4.26248,-38.932
HIDROLANDIA,CE,2305209,-4.40958,-40.4056
HORIZONTE,CE,2305233,-4.1209,-38.4707
IBARETAMA,CE,2305266,-4.80376,-38.7501
IBIAPINA,CE,2305308,-3.92403,-40.8911
IBICUITINGA,CE,2305332,-4.96999,-38.6362
ICAPUI,CE,2305357,-4.71206,-37.3531
ICO,CE,2305407,-6.39627,-38.8554
IGUATU,CE,2305506,-6.36281,-39.2892
INDEPENDENCIA,CE,2305605,-5.38789,-40.3085
IPAPORANGA,CE,2305654,-4.89764,-40.7537
IPAUMIRIM,CE,2305704,-6.78265,-38.7179
IPU,CE,2305803,-4.31748,-40.7059
IPUEIRAS,CE,2305902,-4.53802,-40.7118
IRACEMA,CE,2306009,-5.8124,-38.2919
IRAUCUBA,CE,2306108,-3.74737,-39.7843
ITAICABA,CE,2306207,-4.67146,-37.833
ITAITINGA,CE,2306256,-3.96577,-38.5298
ITAPAJE,CE,2306306,-3.68314,-39.5855
ITAPIPOCA,CE,2306405,-3.49933,-39.5836
ITAPIUNA,CE,2306504,-4.55516,-38.9281
ITAREMA,CE,2306553,-2.9248,-39.9167
ITATIRA,CE,2306603,-4.52608,-39.6202
JAGUARETAMA,CE,2306702,-5.6051,-38.7639
JAGUARIBARA,CE,2306801,-5.67765,-38.5359
JAGUARIBE,CE,2306900,-5.90213,-38.6227
JAGUARUANA,CE,2307007,-4.83151,-37.781
JARDIM,CE,2307106,-7.57599,-39.2826
JATI,CE,2307205,-7.6797,-39.0029
JIJOCA DE JERICOACOARA,CE,2307254,-2.79331,-40.5127
JUAZEIRO DO NORTE,CE,2307304,-7.19621,-39.3076
JUCAS,CE,2307403,-6.51523,-39.5187
LAVRAS DA MANGABEIRA,CE,2307502,-6.7448,-38.9706
LIMOEIRO DO NORTE,CE,2307601,-5.14392,-38.0847
MADALENA,CE,2307635,-4.84601,-39.5725
MARACANAU,CE,2307650,-3.86699,-38.6259
MARANGUAPE,CE,2307700,-3.89143,-38.6829
MARCO,CE,2307809,-3.1285,-40.1582
MARTINOPOLE,CE,2307908,-3.2252,-40.6896
MASSAPE,CE,2308005,-3.52364,-40.3423
MAURITI,CE,2308104,-7.38597,-38.7708
MERUOCA,CE,2308203,-3.53974,-40.4531
MILAGRES,CE,2308302,-7.29749,-38.9378
MILHA,CE,2308351,-5.67252,-39.1875
MIRAIMA,CE,2308377,-3.56867,-39.9663
MISSAO VELHA,CE,2308401,-7.23522,-39.143
MOMBACA,CE,2308500,-5.73844,-39.63
MONSENHOR TABOSA,CE,2308609,-4.79102,-40.0646
MORADA NOVA,CE,2308708,-5.09736,-38.3702
MORAUJO,CE,2308807,-3.46311,-40.6776
MORRINHOS,CE,2308906,-3.23426,-40.1233
MUCAMBO,CE,2309003,-3.90271,-40.7452
MULUNGU,CE,2309102,-4.30294,-38.9951
NOVA OLINDA,CE,2309201,-7.08415,-39.6713
NOVA RUSSAS,CE,2309300,-4.70581,-40.5621
NOVO ORIENTE,CE,2309409,-5.52552,-40.7713
OCARA,CE,2309458,-4.48523,-38.5933
OROS,CE,2309508,-6.25182,-38.9053
PACAJUS,CE,2309607,-4.17107,-38.465
PACATUBA,CE,2309706,-3.9784,-38.6183
PACOTI,CE,2309805,-4.22492,-38.922
PACUJA,CE,2309904,-3.98327,-40.6989
PALHANO,CE,2310001,-4.73672,-37.9655
PALMACIA,CE,2310100,-4.13831,-38.8446
PARACURU,CE,2310209,-3.41436,-39.03
PARAIPABA,CE,2310258,-3.43799,-39.1479
PARAMBU,CE,2310308,-6.20768,-40.6905
PARAMOTI,CE,2310407,-4.08815,-39.2417
PEDRA BRANCA,CE,2310506,-5.45341,-39.7078
PENAFORTE,CE,2310605,-7.82163,-39.0707
PENTECOSTE,CE,2310704,-3.79274,-39.2692
PEREIRO,CE,2310803,-6.03576,-38.4624
PINDORETAMA,CE,2310852,-4.01584,-38.3061
PIQUET CARNEIRO,CE,2310902,-5.80025,-39.417
PIRES FERREIRA,CE,2310951,-4.23922,-40.6442
PORANGA,CE,2311009,-4.74672,-40.9205
PORTEIRAS,CE,2311108,-7.52265,-39.114
POTENGI,CE,2311207,-7.09154,-40.0233
POTIRETAMA,CE,2311231,-5.71287,-38.1578
QUITERIANOPOLIS,CE,2311264,-5.8425,-40.7002
QUIXADA,CE,2311306,-4.9663,-39.0155
QUIXELO,CE,2311355,-6.24637,-39.2011
QUIXERAMOBIM,CE,2311405,-5.19067,-39.2889
QUIXERE,CE,2311504,-5.07148,-37.9802
REDENCAO,CE,2311603,-4.21587,-38.7277
RERIUTABA,CE,2311702,-4.14191,-40.5759
RUSSAS,CE,2311801,-4.92673,-37.9721
SABOEIRO,CE,2311900,-6.5346,-39.9017
SALITRE,CE,2311959,-7.28398,-40.45
SANTA QUITERIA,CE,2312205,-4.32608,-40.1523
SANTANA DO ACARAU,CE,2312007,-3.46144,-40.2118
SANTANA DO CARIRI,CE,2312106,-7.17613,-39.7302
SAO BENEDITO,CE,2312304,-4.04713,-40.8596
SAO GONCALO DO AMARANTE,CE,2312403,-3.60515,-38.9726
SAO JOAO DO JAGUARIBE,CE,2312502,-5.27516,-38.2694
SAO LUIS DO CURU,CE,2312601,-3.66976,-39.2391
SENADOR POMPEU,CE,2312700,-5.58244,-39.3704
SENADOR SA,CE,2312809,-3.35305,-40.4662
SOBRAL,CE,2312908,-3.68913,-40.3482
SOLONOPOLE,CE,2313005,-5.71894,-39.0107
TABULEIRO DO NORTE,CE,2313104,-5.24353,-38.1282
TAMBORIL,CE,2313203,-4.83136,-40.3196
TARRAFAS,CE,2313252,-6.67838,-39.753
TAUA,CE,2313302,-5.98585,-40.2968
TEJUCUOCA,CE,2313351,-3.98831,-39.5799
TIANGUA,CE,2313401,-3.72965,-40.9923
TRAIRI,CE,2313500,-3.26932,-39.2681
TURURU,CE,2313559,-3.58413,-39.4297
UBAJARA,CE,2313609,-3.85448,-40.9204
UMARI,CE,2313708,-6.63893,-38.7008
UMIRIM,CE,2313757,-3.67654,-39.3465
URUBURETAMA,CE,2313807,-3.62316,-39.5107
URUOCA,CE,2313906,-3.30819,-40.5628
VARJOTA,CE,2313955,-4.19387,-40.4741
VARZEA ALEGRE,CE,2314003,-6.78264,-39.2942
VICOSA DO CEARA,CE,2314102,-3.5667,-41.0916
BRASILIA,DF,5300108,-15.7795,-47.9297
AFONSO CLAUDIO,ES,3200102,-20.0778,-41.1261
AGUA DOCE DO NORTE,ES,3200169,-18.5482,-40.9854
AGUIA BRANCA,ES,3200136,-18.9846,-40.7437
ALEGRE,ES,3200201,-20.758,-41.5382
ALFREDO CHAVES,ES,3200300,-20.6396,-40.7543
ALTO RIO NOVO,ES,3200359,-19.0618,-41.0209
ANCHIETA,ES,3200409,-20.7955,-40.6425
APIACA,ES,3200508,-21.1523,-41.5693
ARACRUZ,ES,3200607,-19.82,-40.2764
ATILIO VIVACQUA,ES,3200706,-20.913,-41.1986
BAIXO GUANDU,ES,3200805,-19.5213,-41.0109
BARRA DE SAO FRANCISCO,ES,3200904,-18.7548,-40.8965
BOA ESPERANCA,ES,3201001,-18.5395,-40.3025
BOM JESUS DO NORTE,ES,3201100,-21.1173,-41.6731
BREJETUBA,ES,3201159,-20.1395,-41.2954
CACHOEIRO DE ITAPEMIRIM,ES,3201209,-20.8462,-41.1198
CARIACICA,ES,3201308,-20.2632,-40.4165
CASTELO,ES,3201407,-20.6033,-41.2031
COLATINA,ES,3201506,-19.5493,-40.6269
CONCEICAO DA BARRA,ES,3201605,-18.5883,-39.7362
CONCEICAO DO CASTELO,ES,3201704,-20.3639,-41.2417
DIVINO DE SAO LOURENCO,ES,3201803,-20.6229,-41.6937
DOMINGOS MARTINS,ES,3201902,-20.3603,-40.6594
DORES DO RIO PRETO,ES,3202009,-20.6931,-41.8405
ECOPORANGA,ES,3202108,-18.3702,-40.836
FUNDAO,ES,3202207,-19.937,-40.4078
GOVERNADOR LINDENBERG,ES,3202256,-19.1864,-40.4473
GUACUI,ES,3202306,-20.7668,-41.6734
GUARAPARI,ES,3202405,-20.6772,-40.5093
IBATIBA,ES,3202454,-20.2347,-41.5087
IBIRACU,ES,3202504,-19.8366,-40.3732
IBITIRAMA,ES,3202553,-20.5466,-41.6667
ICONHA,ES,3202603,-20.7913,-40.8132
IRUPI,ES,3202652,-20.3501,-41.6444
ITAGUACU,ES,3202702,-19.8018,-40.8601
ITAPEMIRIM,ES,3202801,-21.0095,-40.8307
ITARANA,ES,3202900,-19.875,-40.8753
IUNA,ES,3203007,-20.3531,-41.5334
JAGUARE,ES,3203056,-18.907,-40.0759
JERONIMO MONTEIRO,ES,3203106,-20.7994,-41.3948
JOAO NEIVA,ES,3203130,-19.7577,-40.386
LARANJA DA TERRA,ES,3203163,-19.8994,-41.0621
LINHARES,ES,3203205,-19.3946,-40.0643
MANTENOPOLIS,ES,3203304,-18.8594,-41.124
MARATAIZES,ES,3203320,-21.0398,-40.8384
MARECHAL FLORIANO,ES,3203346,-20.4159,-40.67
MARILANDIA,ES,3203353,-19.4114,-40.5456
MIMOSO DO SUL,ES,3203403,-21.0628,-41.3615
MONTANHA,ES,3203502,-18.1303,-40.3668
MUCURICI,ES,3203601,-18.0965,-40.52
MUNIZ FREIRE,ES,3203700,-20.4652,-41.4156
MUQUI,ES,3203809,-20.9509,-41.346
NOVA VENECIA,ES,3203908,-18.715,-40.4053
PANCAS,ES,3204005,-19.2229,-40.8534
PEDRO CANARIO,ES,3204054,-18.3004,-39.9574
PINHEIROS,ES,3204104,-18.4141,-40.2171
PIUMA,ES,3204203,-20.8334,-40.7268
PONTO BELO,ES,3204252,-18.1253,-40.5458
PRESIDENTE KENNEDY,ES,3204302,-21.0964,-41.0468
RIO BANANAL,ES,3204351,-19.2719,-40.3366
RIO NOVO DO SUL,ES,3204401,-20.8556,-40.9388
SANTA LEOPOLDINA,ES,3204500,-20.0999,-40.527
SANTA MARIA DE JETIBA,ES,3204559,-20.0253,-40.7439
SANTA TERESA,ES,3204609,-19.9363,-40.5979
SAO DOMINGOS DO NORTE,ES,3204658,-19.1452,-40.6281
SAO GABRIEL DA PALHA,ES,3204708,-19.0182,-40.5365
SAO JOSE DO CALCADO,ES,3204807,-21.0274,-41.6636
SAO MATEUS,ES,3204906,-18.7214,-39.8579
SAO ROQUE DO CANAA,ES,3204955,-19.7411,-40.6526
SERRA,ES,3205002,-20.121,-40.3074
SOORETAMA,ES,3205010,-19.1897,-40.0974
VARGEM ALTA,ES,3205036,-20.669,-41.0179
VENDA NOVA DO IMIGRANTE,ES,3205069,-20.327,-41.1355
VIANA,ES,3205101,-20.3825,-40.4933
VILA PAVAO,ES,3205150,-18.6091,-40.609
VILA VALERIO,ES,3205176,-18.9958,-40.3849
VILA VELHA,ES,3205200,-20.3417,-40.2875
VITORIA,ES,3205309,-20.3155,-40.3128
ABADIA DE GOIAS,GO,5200050,-16.7573,-49.4412
ABADIANIA,GO,5200100,-16.197,-48.7057
ACREUNA,GO,5200134,-17.396,-50.3749
ADELANDIA,GO,5200159,-16.4127,-50.1657
AGUA FRIA DE GOIAS,GO,5200175,-14.9778,-47.7823
AGUA LIMPA,GO,5200209,-18.0771,-48.7603
AGUAS LINDAS DE GOIAS,GO,5200258,-15.7617,-48.2816
ALEXANIA,GO,5200308,-16.0834,-48.5076
ALOANDIA,GO,5200506,-17.7292,-49.4769
ALTO HORIZONTE,GO,5200555,-14.1978,-49.3378
ALTO PARAISO DE GOIAS,GO,5200605,-14.1305,-47.51
ALVORADA DO NORTE,GO,5200803,-14.4797,-46.491
AMARALINA,GO,5200829,-13.9236,-49.2962
AMERICANO DO BRASIL,GO,5200852,-16.2514,-49.9831
AMORINOPOLIS,GO,5200902,-16.6151,-51.0919
ANAPOLIS,GO,5201108,-16.3281,-48.953
ANHANGUERA,GO,5201207,-18.3339,-48.2204
ANICUNS,GO,5201306,-16.4642,-49.9617
APARECIDA DE GOIANIA,GO,5201405,-16.8198,-49.2469
APARECIDA DO RIO DOCE,GO,5201454,-18.2941,-51.1516
APORE,GO,5201504,-18.9607,-51.9232
ARACU,GO,5201603,-16.3563,-49.6804
ARAGARCAS,GO,5201702,-15.8955,-52.2372
ARAGOIANIA,GO,5201801,-16.9087,-49.4476
ARAGUAPAZ,GO,5202155,-15.0909,-50.6315
ARENOPOLIS,GO,5202353,-16.3837,-51.5563
ARUANA,GO,5202502,-14.9166,-51.075
AURILANDIA,GO,5202601,-16.6773,-50.4641
AVELINOPOLIS,GO,5202809,-16.4672,-49.7579
BALIZA,GO,5203104,-16.1966,-52.5393
BARRO ALTO,GO,5203203,-14.9658,-48.9086
BELA VISTA DE GOIAS,GO,5203302,-16.9693,-48.9513
BOM JARDIM DE GOIAS,GO,5203401,-16.2063,-52.1728
BOM JESUS DE GOIAS,GO,5203500,-18.2173,-49.74
BONFINOPOLIS,GO,5203559,-16.6173,-48.9616
BONOPOLIS,GO,5203575,-13.6329,-49.8106
BRAZABRANTES,GO,5203609,-16.4281,-49.3863
BRITANIA,GO,5203807,-15.2428,-51.1602
BURITI ALEGRE,GO,5203906,-18.1378,-49.0404
BURITI DE GOIAS,GO,5203939,-16.1792,-50.4302
BURITINOPOLIS,GO,5203962,-14.4772,-46.4076
CABECEIRAS,GO,5204003,-15.7995,-46.9265
CACHOEIRA ALTA,GO,5204102,-18.7618,-50.9432
CACHOEIRA DE GOIAS,GO,5204201,-16.6635,-50.646
CACHOEIRA DOURADA,GO,5204250,-18.4859,-49.4766
CACU,GO,5204300,-18.5594,-51.1328
CAIAPONIA,GO,5204409,-16.9539,-51.8091
CALDAS NOVAS,GO,5204508,-17.7441,-48.6246
CALDAZINHA,GO,5204557,-16.7117,-49.0013
CAMPESTRE DE GOIAS,GO,5204607,-16.7624,-49.695
CAMPINACU,GO,5204656,-13.787,-48.5704
CAMPINORTE,GO,5204706,-14.3137,-49.1511
CAMPO ALEGRE DE GOIAS,GO,5204805,-17.6363,-47.7768
CAMPO LIMPO DE GOIAS,GO,5204854,-16.2971,-49.0895
CAMPOS BELOS,GO,5204904,-13.035,-46.7681
CAMPOS VERDES,GO,5204953,-14.2442,-49.6528
CARMO DO RIO VERDE,GO,5205000,-15.3549,-49.708
CASTELANDIA,GO,5205059,-18.0921,-50.203
CATALAO,GO,5205109,-18.1656,-47.944
CATURAI,GO,5205208,-16.4447,-49.4936
CAVALCANTE,GO,5205307,-13.7976,-47.4566
CERES,GO,5205406,-15.3061,-49.6
CEZARINA,GO,5205455,-16.9718,-49.7758
CHAPADAO DO CEU,GO,5205471,-18.4073,-52.549
CIDADE OCIDENTAL,GO,5205497,-16.0765,-47.9252
COCALZINHO DE GOIAS,GO,5205513,-15.7914,-48.7747
COLINAS DO SUL,GO,5205521,-14.1528,-48.076
CORREGO DO OURO,GO,5205703,-16.2918,-50.5503
CORUMBA DE GOIAS,GO,5205802,-15.9245,-48.8117
CORUMBAIBA,GO,5205901,-18.1415,-48.5626
CRISTALINA,GO,5206206,-16.7676,-47.6131
CRISTIANOPOLIS,GO,5206305,-17.1987,-48.7034
CRIXAS,GO,5206404,-14.5412,-49.974
CROMINIA,GO,5206503,-17.2883,-49.3798
CUMARI,GO,5206602,-18.2644,-48.1511
DAMIANOPOLIS,GO,5206701,-14.5604,-46.178
DAMOLANDIA,GO,5206800,-16.2544,-49.3631
DAVINOPOLIS,GO,5206909,-18.1501,-47.5568
DIORAMA,GO,5207105,-16.2329,-51.2543
DIVINOPOLIS DE GOIAS,GO,5208301,-13.2853,-46.3999
DOVERLANDIA,GO,5207253,-16.7188,-52.3189
EDEALINA,GO,5207352,-17.4239,-49.6644
EDEIA,GO,5207402,-17.3406,-49.9295
ESTRELA DO NORTE,GO,5207501,-13.8665,-49.0716
FAINA,GO,5207535,-15.4473,-50.3622
FAZENDA NOVA,GO,5207600,-16.1834,-50.7781
FIRMINOPOLIS,GO,5207808,-16.5778,-50.304
FLORES DE GOIAS,GO,5207907,-14.4451,-47.0417
FORMOSA,GO,5208004,-15.54,-47.337
FORMOSO,GO,5208103,-13.6499,-48.8775
GAMELEIRA DE GOIAS,GO,5208152,-16.4854,-48.6454
GOIANAPOLIS,GO,5208400,-16.5098,-49.0234
GOIANDIRA,GO,5208509,-18.1352,-48.0875
GOIANESIA,GO,5208608,-15.3118,-49.1162
GOIANIA,GO,5208707,-16.6864,-49.2643
GOIANIRA,GO,5208806,-16.4947,-49.427
GOIAS,GO,5208905,-15.9333,-50.14
GOIATUBA,GO,5209101,-18.0105,-49.3658
GOUVELANDIA,GO,5209150,-18.6238,-50.0805
GUAPO,GO,5209200,-16.8297,-49.5345
GUARAITA,GO,5209291,-15.6121,-50.0265
GUARANI DE GOIAS,GO,5209408,-13.9421,-46.4868
GUARINOS,GO,5209457,-14.7292,-49.7006
HEITORAI,GO,5209606,-15.719,-49.8268
HIDROLANDIA,GO,5209705,-16.9626,-49.2265
HIDROLINA,GO,5209804,-14.7261,-49.4634
IACIARA,GO,5209903,-14.1011,-46.6335
INACIOLANDIA,GO,5209937,-18.4869,-49.9888
INDIARA,GO,5209952,-17.1387,-49.9862
INHUMAS,GO,5210000,-16.3611,-49.5001
IPAMERI,GO,5210109,-17.7215,-48.1581
IPIRANGA DE GOIAS,GO,5210158,-15.1689,-49.6695
IPORA,GO,5210208,-16.4398,-51.118
ISRAELANDIA,GO,5210307,-16.3144,-50.9087
ITABERAI,GO,5210406,-16.0206,-49.806
ITAGUARI,GO,5210562,-15.918,-49.6071
ITAGUARU,GO,5210604,-15.7565,-49.6354
ITAJA,GO,5210802,-19.0673,-51.5495
ITAPACI,GO,5210901,-14.9522,-49.5511
ITAPIRAPUA,GO,5211008,-15.8205,-50.6094
ITAPURANGA,GO,5211206,-15.5606,-49.949
ITARUMA,GO,5211305,-18.7646,-51.3485
ITAUCU,GO,5211404,-16.2029,-49.6109
ITUMBIARA,GO,5211503,-18.4093,-49.2158
IVOLANDIA,GO,5211602,-16.5995,-50.7921
JANDAIA,GO,5211701,-17.0481,-50.1453
JARAGUA,GO,5211800,-15.7529,-49.3344
JATAI,GO,5211909,-17.8784,-51.7204
JAUPACI,GO,5212006,-16.1773,-50.9508
JESUPOLIS,GO,5212055,-15.9484,-49.3739
JOVIANIA,GO,5212105,-17.802,-49.6197
JUSSARA,GO,5212204,-15.8659,-50.8668
LAGOA SANTA,GO,5212253,-19.1832,-51.3998
LEOPOLDO DE BULHOES,GO,5212303,-16.619,-48.7428
LUZIANIA,GO,5212501,-16.253,-47.95
MAIRIPOTABA,GO,5212600,-17.2975,-49.4898
MAMBAI,GO,5212709,-14.4823,-46.1165
MARA ROSA,GO,5212808,-14.0148,-49.1777
MARZAGAO,GO,5212907,-17.983,-48.6415
MATRINCHA,GO,5212956,-15.4342,-50.7456
MAURILANDIA,GO,5213004,-17.9719,-50.3388
MIMOSO DE GOIAS,GO,5213053,-15.0515,-48.1611
MINACU,GO,5213087,-13.5304,-48.2206
MINEIROS,GO,5213103,-17.5654,-52.5537
MOIPORA,GO,5213400,-16.5434,-50.739
MONTE ALEGRE DE GOIAS,GO,5213509,-13.2552,-46.8928
MONTES CLAROS DE GOIAS,GO,5213707,-16.0059,-51.3979
MONTIVIDIU,GO,5213756,-17.4439,-51.1728
MONTIVIDIU DO NORTE,GO,5213772,-13.3485,-48.6853
MORRINHOS,GO,5213806,-17.7334,-49.1059
MORRO AGUDO DE GOIAS,GO,5213855,-15.3184,-50.0553
MOSSAMEDES,GO,5213905,-16.124,-50.2136
MOZARLANDIA,GO,5214002,-14.7457,-50.5713
MUNDO NOVO,GO,5214051,-13.7729,-50.2814
MUTUNOPOLIS,GO,5214101,-13.7303,-49.2745
NAZARIO,GO,5214408,-16.5808,-49.8817
NEROPOLIS,GO,5214507,-16.4047,-49.2227
NIQUELANDIA,GO,5214606,-14.4662,-48.4599
NOVA AMERICA,GO,5214705,-15.0206,-49.8953
NOVA AURORA,GO,5214804,-18.0597,-48.2552
NOVA CRIXAS,GO,5214838,-14.0957,-50.33
NOVA GLORIA,GO,5214861,-15.145,-49.5737
NOVA IGUACU DE GOIAS,GO,5214879,-14.2868,-49.3872
NOVA ROMA,GO,5214903,-13.7388,-46.8734
NOVA VENEZA,GO,5215009,-16.3695,-49.3168
NOVO BRASIL,GO,5215207,-16.0313,-50.7113
NOVO GAMA,GO,5215231,-16.0592,-48.0417
NOVO PLANALTO,GO,5215256,-13.2424,-49.506
ORIZONA,GO,5215306,-17.0334,-48.2964
OURO VERDE DE GOIAS,GO,5215405,-16.2181,-49.1942
OUVIDOR,GO,5215504,-18.2277,-47.8355
PADRE BERNARDO,GO,5215603,-15.1605,-48.2833
PALESTINA DE GOIAS,GO,5215652,-16.7392,-51.5309
PALMEIRAS DE GOIAS,GO,5215702,-16.8044,-49.924
PALMELO,GO,5215801,-17.3258,-48.426
PALMINOPOLIS,GO,5215900,-16.7924,-50.1652
PANAMA,GO,5216007,-18.1783,-49.355
PARANAIGUARA,GO,5216304,-18.9141,-50.6539
PARAUNA,GO,5216403,-16.9463,-50.4484
PEROLANDIA,GO,5216452,-17.5258,-52.065
PETROLINA DE GOIAS,GO,5216809,-16.0968,-49.3364
PILAR DE GOIAS,GO,5216908,-14.7608,-49.5784
PIRACANJUBA,GO,5217104,-17.302,-49.017
PIRANHAS,GO,5217203,-16.4258,-51.8235
PIRENOPOLIS,GO,5217302,-15.8507,-48.9584
PIRES DO RIO,GO,5217401,-17.3019,-48.2768
PLANALTINA,GO,5217609,-15.452,-47.6089
PONTALINA,GO,5217708,-17.5225,-49.4489
PORANGATU,GO,5218003,-13.4391,-49.1503
PORTEIRAO,GO,5218052,-17.8143,-50.1653
PORTELANDIA,GO,5218102,-17.3554,-52.6799
POSSE,GO,5218300,-14.0859,-46.3704
PROFESSOR JAMIL,GO,5218391,-17.2497,-49.244
QUIRINOPOLIS,GO,5218508,-18.4472,-50.4547
RIALMA,GO,5218607,-15.3145,-49.5814
RIANAPOLIS,GO,5218706,-15.4456,-49.5114
RIO QUENTE,GO,5218789,-17.774,-48.7725
RIO VERDE,GO,5218805,-17.7923,-50.9192
RUBIATABA,GO,5218904,-15.1617,-49.8048
SANCLERLANDIA,GO,5219001,-16.197,-50.3124
SANTA BARBARA DE GOIAS,GO,5219100,-16.5714,-49.6954
SANTA CRUZ DE GOIAS,GO,5219209,-17.3155,-48.4809
SANTA FE DE GOIAS,GO,5219258,-15.7664,-51.1037
SANTA HELENA DE GOIAS,GO,5219308,-17.8115,-50.5977
SANTA ISABEL,GO,5219357,-15.2958,-49.4259
SANTA RITA DO ARAGUAIA,GO,5219407,-17.3269,-53.2012
SANTA RITA DO NOVO DESTINO,GO,5219456,-15.1351,-49.1203
SANTA ROSA DE GOIAS,GO,5219506,-16.084,-49.4953
SANTA TEREZA DE GOIAS,GO,5219605,-13.7138,-49.0144
SANTA TEREZINHA DE GOIAS,GO,5219704,-14.4326,-49.7091
SANTO ANTONIO DA BARRA,GO,5219712,-17.5585,-50.6345
SANTO ANTONIO DE GOIAS,GO,5219738,-16.4815,-49.3096
SANTO ANTONIO DO DESCOBERTO,GO,5219753,-15.9412,-48.2578
SAO DOMINGOS,GO,5219803,-13.621,-46.7415
SAO FRANCISCO DE GOIAS,GO,5219902,-15.9256,-49.2605
SAO JOAO DA PARAUNA,GO,5220058,-16.8126,-50.4092
SAO JOAO D`ALIANCA,GO,5220009,-14.7048,-47.5228
SAO LUIS DE MONTES BELOS,GO,5220108,-16.5211,-50.3726
SAO LUIZ DO NORTE,GO,5220157,-14.8608,-49.3285
SAO MIGUEL DO ARAGUAIA,GO,5220207,-13.2731,-50.1634
SAO MIGUEL DO PASSA QUATRO,GO,5220264,-17.0582,-48.662
SAO PATRICIO,GO,5220280,-15.35,-49.818
SAO SIMAO,GO,5220405,-18.996,-50.547
SENADOR CANEDO,GO,5220454,-16.7084,-49.0914
SERRANOPOLIS,GO,5220504,-18.3067,-51.9586
SILVANIA,GO,5220603,-16.66,-48.6083
SIMOLANDIA,GO,5220686,-14.4644,-46.4847
SITIO D`ABADIA,GO,5220702,-14.7992,-46.2506
TAQUARAL DE GOIAS,GO,5221007,-16.0521,-49.6039
TERESINA DE GOIAS,GO,5221080,-13.7801,-47.2659
TEREZOPOLIS DE GOIAS,GO,5221197,-16.3945,-49.0797
TRES RANCHOS,GO,5221304,-18.3539,-47.776
TRINDADE,GO,5221403,-16.6517,-49.4927
TROMBAS,GO,5221452,-13.5079,-48.7417
TURVANIA,GO,5221502,-16.6125,-50.1369
TURVELANDIA,GO,5221551,-17.8502,-50.3024
UIRAPURU,GO,5221577,-14.2835,-49.9201
URUACU,GO,5221601,-14.5238,-49.1396
URUANA,GO,5221700,-15.4993,-49.6861
URUTAI,GO,5221809,-17.4651,-48.2015
VALPARAISO DE GOIAS,GO,5221858,-16.0651,-47.9757
VARJAO,GO,5221908,-17.0471,-49.6312
VIANOPOLIS,GO,5222005,-16.7405,-48.5159
VICENTINOPOLIS,GO,5222054,-17.7322,-49.8047
VILA BOA,GO,5222203,-15.0387,-47.052
VILA PROPICIO,GO,5222302,-15.4542,-48.8819
ACAILANDIA,MA,2100055,-4.94714,-47.5004
AFONSO CUNHA,MA,2100105,-4.13631,-43.3275
AGUA DOCE DO MARANHAO,MA,2100154,-2.84048,-42.1189
ALCANTARA,MA,2100204,-2.39574,-44.4062
ALDEIAS ALTAS,MA,2100303,-4.62621,-43.4689
ALTAMIRA DO MARANHAO,MA,2100402,-4.16598,-45.4706
ALTO ALEGRE DO MARANHAO,MA,2100436,-4.213,-44.446
ALTO ALEGRE DO PINDARE,MA,2100477,-3.66689,-45.8421
ALTO PARNAIBA,MA,2100501,-9.10273,-45.9303
AMAPA DO MARANHAO,MA,2100550,-1.67524,-46.0024
AMARANTE DO MARANHAO,MA,2100600,-5.56913,-46.7473
ANAJATUBA,MA,2100709,-3.26269,-44.6126
ANAPURUS,MA,2100808,-3.67577,-43.1014
APICUM-ACU,MA,2100832,-1.45862,-45.0864
ARAGUANA,MA,2100873,-2.94644,-45.6589
ARAIOSES,MA,2100907,-2.89091,-41.905
ARAME,MA,2100956,-4.88347,-46.0032
ARARI,MA,2101004,-3.45214,-44.7665
AXIXA,MA,2101103,-2.83939,-44.062
BACABAL,MA,2101202,-4.22447,-44.7832
BACABEIRA,MA,2101251,-2.96452,-44.3164
BACURI,MA,2101301,-1.6965,-45.1328
BACURITUBA,MA,2101350,-2.71,-44.7329
BALSAS,MA,2101400,-7.53214,-46.0372
BARAO DE GRAJAU,MA,2101509,-6.74463,-43.0261
BARRA DO CORDA,MA,2101608,-5.49682,-45.2485
BARREIRINHAS,MA,2101707,-2.75863,-42.8232
BELA VISTA DO MARANHAO,MA,2101772,-3.72618,-45.3075
BELAGUA,MA,2101731,-3.15485,-43.5122
BENEDITO LEITE,MA,2101806,-7.21037,-44.5577
BEQUIMAO,MA,2101905,-2.44162,-44.7842
BERNARDO DO MEARIM,MA,2101939,-4.62666,-44.7608
BOA VISTA DO GURUPI,MA,2101970,-1.77614,-46.3002
BOM JARDIM,MA,2102002,-3.54129,-45.606
BOM JESUS DAS SELVAS,MA,2102036,-4.47638,-46.8641
BOM LUGAR,MA,2102077,-4.37311,-45.0326
BREJO,MA,2102101,-3.67796,-42.7527
BREJO DE AREIA,MA,2102150,-4.334,-45.581
BURITI,MA,2102200,-3.94169,-42.9179
BURITI BRAVO,MA,2102309,-5.83239,-43.8353
BURITICUPU,MA,2102325,-4.32375,-46.4409
BURITIRANA,MA,2102358,-5.59823,-47.0131
CACHOEIRA GRANDE,MA,2102374,-2.93074,-44.0528
CAJAPIO,MA,2102408,-2.87326,-44.6741
CAJARI,MA,2102507,-3.32742,-45.0145
CAMPESTRE DO MARANHAO,MA,2102556,-6.17075,-47.3625
CANDIDO MENDES,MA,2102606,-1.43265,-45.7161
CANTANHEDE,MA,2102705,-3.63757,-44.383
CAPINZAL DO NORTE,MA,2102754,-4.7236,-44.328
CAROLINA,MA,2102804,-7.33584,-47.4634
CARUTAPERA,MA,2102903,-1.19696,-46.0085
CAXIAS,MA,2103000,-4.86505,-43.3617
CEDRAL,MA,2103109,-2.00027,-44.5281
CENTRAL DO MARANHAO,MA,2103125,-2.19831,-44.8254
CENTRO DO GUILHERME,MA,2103158,-2.44891,-46.0345
CENTRO NOVO DO MARANHAO,MA,2103174,-2.12696,-46.1228
CHAPADINHA,MA,2103208,-3.73875,-43.3538
CIDELANDIA,MA,2103257,-5.17465,-47.7781
CODO,MA,2103307,-4.45562,-43.8924
COELHO NETO,MA,2103406,-4.25245,-43.0108
COLINAS,MA,2103505,-6.03199,-44.2543
CONCEICAO DO LAGO-ACU,MA,2103554,-3.85142,-44.8895
COROATA,MA,2103604,-4.13442,-44.1244
CURURUPU,MA,2103703,-1.81475,-44.8644
DAVINOPOLIS,MA,2103752,-5.54637,-47.4217
DOM PEDRO,MA,2103802,-5.03518,-44.4409
DUQUE BACELAR,MA,2103901,-4.15002,-42.9477
ESPERANTINOPOLIS,MA,2104008,-4.87938,-44.6926
ESTREITO,MA,2104057,-6.56077,-47.4431
FEIRA NOVA DO MARANHAO,MA,2104073,-6.96508,-46.6786
FERNANDO FALCAO,MA,2104081,-6.16207,-44.8979
FORMOSA DA SERRA NEGRA,MA,2104099,-6.44017,-46.1916
FORTALEZA DOS NOGUEIRAS,MA,2104107,-6.95983,-46.1749
FORTUNA,MA,2104206,-5.72792,-44.1565
GODOFREDO VIANA,MA,2104305,-1.40259,-45.7795
GONCALVES DIAS,MA,2104404,-5.1475,-44.3013
GOVERNADOR ARCHER,MA,2104503,-5.02078,-44.2754
GOVERNADOR EDISON LOBAO,MA,2104552,-5.74973,-47.3646
GOVERNADOR EUGENIO BARROS,MA,2104602,-5.31897,-44.2469
GOVERNADOR LUIZ ROCHA,MA,2104628,-5.47835,-44.0774
GOVERNADOR NEWTON BELLO,MA,2104651,-3.43245,-45.6619
GOVERNADOR NUNES FREIRE,MA,2104677,-2.12899,-45.8777
GRACA ARANHA,MA,2104701,-5.40547,-44.3358
GRAJAU,MA,2104800,-5.81367,-46.1462
GUIMARAES,MA,2104909,-2.12755,-44.602
HUMBERTO DE CAMPOS,MA,2105005,-2.59828,-43.4649
ICATU,MA,2105104,-2.77206,-44.0501
IGARAPE DO MEIO,MA,2105153,-3.65771,-45.2114
IGARAPE GRANDE,MA,2105203,-4.6625,-44.8558
IMPERATRIZ,MA,2105302,-5.51847,-47.4777
ITAIPAVA DO GRAJAU,MA,2105351,-5.14252,-45.7877
ITAPECURU MIRIM,MA,2105401,-3.40202,-44.3508
ITINGA DO MARANHAO,MA,2105427,-4.45293,-47.5235
JATOBA,MA,2105450,-5.82282,-44.2153
JENIPAPO DOS VIEIRAS,MA,2105476,-5.36237,-45.6356
JOAO LISBOA,MA,2105500,-5.44363,-47.4064
JOSELANDIA,MA,2105609,-4.98611,-44.6958
JUNCO DO MARANHAO,MA,2105658,-1.83888,-46.09
LAGO DA PEDRA,MA,2105708,-4.56974,-45.1319
LAGO DO JUNCO,MA,2105807,-4.609,-45.049
LAGO DOS RODRIGUES,MA,2105948,-4.61173,-44.9798
LAGO VERDE,MA,2105906,-3.94661,-44.826
LAGOA DO MATO,MA,2105922,-6.05023,-43.5333
LAGOA GRANDE DO MARANHAO,MA,2105963,-4.98893,-45.3816
LAJEADO NOVO,MA,2105989,-6.18539,-47.0293
LIMA CAMPOS,MA,2106003,-4.51837,-44.4646
LORETO,MA,2106102,-7.08111,-45.1451
LUIS DOMINGUES,MA,2106201,-1.27492,-45.867
MAGALHAES DE ALMEIDA,MA,2106300,-3.39232,-42.2117
MARACACUME,MA,2106326,-2.04918,-45.9587
MARAJA DO SENA,MA,2106359,-4.62806,-45.4531
MARANHAOZINHO,MA,2106375,-2.24078,-45.8507
MATA ROMA,MA,2106409,-3.62035,-43.1112
MATINHA,MA,2106508,-3.09849,-45.035
MATOES,MA,2106607,-5.51359,-43.2018
MATOES DO NORTE,MA,2106631,-3.6244,-44.5468
MILAGRES DO MARANHAO,MA,2106672,-3.57443,-42.6131
MIRADOR,MA,2106706,-6.37454,-44.3683
MIRANDA DO NORTE,MA,2106755,-3.56313,-44.5814
MIRINZAL,MA,2106805,-2.07094,-44.7787
MONCAO,MA,2106904,-3.48125,-45.2496
MONTES ALTOS,MA,2107001,-5.83067,-47.0673
MORROS,MA,2107100,-2.85379,-44.0357
NINA RODRIGUES,MA,2107209,-3.46788,-43.9134
NOVA COLINAS,MA,2107258,-7.12263,-46.2607
NOVA IORQUE,MA,2107308,-6.73047,-44.0471
NOVA OLINDA DO MARANHAO,MA,2107357,-2.84227,-45.6953
OLHO D`AGUA DAS CUNHAS,MA,2107407,-4.13417,-45.1163
OLINDA NOVA DO MARANHAO,MA,2107456,-2.99295,-44.9897
PACO DO LUMIAR,MA,2107506,-2.51657,-44.1019
PALMEIRANDIA,MA,2107605,-2.64433,-44.8933
PARAIBANO,MA,2107704,-6.4264,-43.9792
PARNARAMA,MA,2107803,-5.67365,-43.1011
PASSAGEM FRANCA,MA,2107902,-6.17745,-43.7755
PASTOS BONS,MA,2108009,-6.60296,-44.0745
PAULINO NEVES,MA,2108058,-2.72094,-42.5258
PAULO RAMOS,MA,2108108,-4.44485,-45.2398
PEDREIRAS,MA,2108207,-4.56482,-44.6006
PEDRO DO ROSARIO,MA,2108256,-2.97272,-45.3493
PENALVA,MA,2108306,-3.27674,-45.1768
PERI MIRIM,MA,2108405,-2.57676,-44.8504
PERITORO,MA,2108454,-4.37459,-44.3369
PINDARE-MIRIM,MA,2108504,-3.60985,-45.342
PINHEIRO,MA,2108603,-2.52224,-45.0788
PIO XII,MA,2108702,-3.89315,-45.1759
PIRAPEMAS,MA,2108801,-3.72041,-44.2216
POCAO DE PEDRAS,MA,2108900,-4.74626,-44.9432
PORTO FRANCO,MA,2109007,-6.34149,-47.3962
PORTO RICO DO MARANHAO,MA,2109056,-1.85925,-44.5842
PRESIDENTE DUTRA,MA,2109106,-5.2898,-44.495
PRESIDENTE JUSCELINO,MA,2109205,-2.91872,-44.0715
PRESIDENTE MEDICI,MA,2109239,-2.38991,-45.82
PRESIDENTE SARNEY,MA,2109270,-2.58799,-45.3595
PRESIDENTE VARGAS,MA,2109304,-3.40787,-44.0234
PRIMEIRA CRUZ,MA,2109403,-2.50568,-43.4232
RAPOSA,MA,2109452,-2.4254,-44.0973
RIACHAO,MA,2109502,-7.35819,-46.6225
RIBAMAR FIQUENE,MA,2109551,-5.93067,-47.3888
ROSARIO,MA,2109601,-2.93444,-44.2531
SAMBAIBA,MA,2109700,-7.13447,-45.3515
SANTA FILOMENA DO MARANHAO,MA,2109759,-5.49671,-44.5638
SANTA HELENA,MA,2109809,-2.24426,-45.29
SANTA INES,MA,2109908,-3.65112,-45.3774
SANTA LUZIA,MA,2110005,-4.06873,-45.69
SANTA LUZIA DO PARUA,MA,2110039,-2.51123,-45.7801
SANTA QUITERIA DO MARANHAO,MA,2110104,-3.49308,-42.5688
SANTA RITA,MA,2110203,-3.14241,-44.3211
SANTANA DO MARANHAO,MA,2110237,-3.109,-42.4064
SANTO AMARO DO MARANHAO,MA,2110278,-2.50068,-43.238
SANTO ANTONIO DOS LOPES,MA,2110302,-4.86613,-44.3653
SAO BENEDITO DO RIO PRETO,MA,2110401,-3.33515,-43.5287
SAO BENTO,MA,2110500,-2.69781,-44.8289
SAO BERNARDO,MA,2110609,-3.37223,-42.4191
SAO DOMINGOS DO AZEITAO,MA,2110658,-6.81471,-44.6509
SAO DOMINGOS DO MARANHAO,MA,2110708,-5.58095,-44.3822
SAO FELIX DE BALSAS,MA,2110807,-7.07535,-44.8092
SAO FRANCISCO DO BREJAO,MA,2110856,-5.12584,-47.389
SAO FRANCISCO DO MARANHAO,MA,2110906,-6.25159,-42.8668
SAO JOAO BATISTA,MA,2111003,-2.95398,-44.7953
SAO JOAO DO CARU,MA,2111029,-3.5503,-46.2507
SAO JOAO DO PARAISO,MA,2111052,-6.45634,-47.0594
SAO JOAO DO SOTER,MA,2111078,-5.10821,-43.8163
SAO JOAO DOS PATOS,MA,2111102,-6.4934,-43.7036
SAO JOSE DE RIBAMAR,MA,2111201,-2.54704,-44.0597
SAO JOSE DOS BASILIOS,MA,2111250,-5.05493,-44.5809
SAO LUIS,MA,2111300,-2.53874,-44.2825
SAO LUIS GONZAGA DO MARANHAO,MA,2111409,-4.38541,-44.6654
SAO MATEUS DO MARANHAO,MA,2111508,-4.03736,-44.4707
SAO PEDRO DA AGUA BRANCA,MA,2111532,-5.08472,-48.4291
SAO PEDRO DOS CRENTES,MA,2111573,-6.82389,-46.5319
SAO RAIMUNDO DAS MANGABEIRAS,MA,2111607,-7.02183,-45.4809
SAO RAIMUNDO DO DOCA BEZERRA,MA,2111631,-5.11053,-45.0696
SAO ROBERTO,MA,2111672,-5.0231,-45.001
SAO VICENTE FERRER,MA,2111706,-2.89487,-44.8681
SATUBINHA,MA,2111722,-4.04913,-45.2457
SENADOR ALEXANDRE COSTA,MA,2111748,-5.25096,-44.0533
SENADOR LA ROCQUE,MA,2111763,-5.4461,-47.2959
SERRANO DO MARANHAO,MA,2111789,-1.85229,-45.1207
SITIO NOVO,MA,2111805,-5.87601,-46.7033
SUCUPIRA DO NORTE,MA,2111904,-6.47839,-44.1919
SUCUPIRA DO RIACHAO,MA,2111953,-6.40858,-43.5455
TASSO FRAGOSO,MA,2112001,-8.4662,-45.7536
TIMBIRAS,MA,2112100,-4.25597,-43.932
TIMON,MA,2112209,-5.09769,-42.8329
TRIZIDELA DO VALE,MA,2112233,-4.538,-44.628
TUFILANDIA,MA,2112274,-3.67355,-45.6238
TUNTUM,MA,2112308,-5.25476,-44.6444
TURIACU,MA,2112407,-1.65893,-45.3798
TURILANDIA,MA,2112456,-2.21638,-45.3044
TUTOIA,MA,2112506,-2.76141,-42.2755
URBANO SANTOS,MA,2112605,-3.20642,-43.3878
VARGEM GRANDE,MA,2112704,-3.53639,-43.917
VIANA,MA,2112803,-3.20451,-44.9912
VILA NOVA DOS MARTIRIOS,MA,2112852,-5.18889,-48.1336
VITORIA DO MEARIM,MA,2112902,-3.45125,-44.8643
VITORINO FREIRE,MA,2113009,-4.28184,-45.2505
ZE DOCA,MA,2114007,-3.27014,-45.6553
ABADIA DOS DOURADOS,MG,3100104,-18.4831,-47.3916
ABAETE,MG,3100203,-19.1551,-45.4444
ABRE CAMPO,MG,3100302,-20.2996,-42.4743
ACAIACA,MG,3100401,-20.359,-43.1439
ACUCENA,MG,3100500,-19.0671,-42.5419
AGUA BOA,MG,3100609,-17.9914,-42.3806
AGUA COMPRIDA,MG,3100708,-20.0576,-48.1069
AGUANIL,MG,3100807,-20.9439,-45.3915
AGUAS FORMOSAS,MG,3100906,-17.0802,-40.9384
AGUAS VERMELHAS,MG,3101003,-15.7431,-41.4571
AIMORES,MG,3101102,-19.5007,-41.0746
AIURUOCA,MG,3101201,-21.9736,-44.6042
ALAGOA,MG,3101300,-22.171,-44.6413
ALBERTINA,MG,3101409,-22.2018,-46.6139
ALEM PARAIBA,MG,3101508,-21.8797,-42.7176
ALFENAS,MG,3101607,-21.4256,-45.9477
ALFREDO VASCONCELOS,MG,3101631,-21.1535,-43.7718
ALMENARA,MG,3101706,-16.1785,-40.6942
ALPERCATA,MG,3101805,-18.974,-41.97
ALPINOPOLIS,MG,3101904,-20.8631,-46.3878
ALTEROSA,MG,3102001,-21.2488,-46.1387
ALTO CAPARAO,MG,3102050,-20.431,-41.8738
ALTO JEQUITIBA,MG,3153509,-20.4208,-41.967
ALTO RIO DOCE,MG,3102100,-21.0281,-43.4067
ALVARENGA,MG,3102209,-19.4174,-41.7317
ALVINOPOLIS,MG,3102308,-20.1098,-43.0535
ALVORADA DE MINAS,MG,3102407,-18.7334,-43.3638
AMPARO DO SERRA,MG,3102506,-20.5051,-42.8009
ANDRADAS,MG,3102605,-22.0695,-46.5724
ANDRELANDIA,MG,3102803,-21.7411,-44.3117
ANGELANDIA,MG,3102852,-17.7279,-42.2641
ANTONIO CARLOS,MG,3102902,-21.321,-43.7451
ANTONIO DIAS,MG,3103009,-19.6491,-42.8732
ANTONIO PRADO DE MINAS,MG,3103108,-21.0192,-42.1109
ARACAI,MG,3103207,-19.1955,-44.2493
ARACITABA,MG,3103306,-21.3446,-43.3736
ARACUAI,MG,3103405,-16.8523,-42.0637
ARAGUARI,MG,3103504,-18.6456,-48.1934
ARANTINA,MG,3103603,-21.9102,-44.2555
ARAPONGA,MG,3103702,-20.6686,-42.5178
ARAPORA,MG,3103751,-18.4357,-49.1847
ARAPUA,MG,3103801,-19.0268,-46.1484
ARAUJOS,MG,3103900,-19.9405,-45.1671
ARAXA,MG,3104007,-19.5902,-46.9438
ARCEBURGO,MG,3104106,-21.359,-46.9401
ARCOS,MG,3104205,-20.2863,-45.5373
AREADO,MG,3104304,-21.3572,-46.1421
ARGIRITA,MG,3104403,-21.6083,-42.8292
ARICANDUVA,MG,3104452,-17.8666,-42.5533
ARINOS,MG,3104502,-15.9187,-46.1043
ASTOLFO DUTRA,MG,3104601,-21.3184,-42.8572
ATALEIA,MG,3104700,-18.0438,-41.1149
AUGUSTO DE LIMA,MG,3104809,-18.0997,-44.2655
BAEPENDI,MG,3104908,-21.957,-44.8874
BALDIM,MG,3105004,-19.2832,-43.9613
BAMBUI,MG,3105103,-20.0166,-45.9754
BANDEIRA,MG,3105202,-15.8783,-40.5622
BANDEIRA DO SUL,MG,3105301,-21.7308,-46.3833
BARAO DE COCAIS,MG,3105400,-19.9389,-43.4755
BARAO DE MONTE ALTO,MG,3105509,-21.2444,-42.2372
BARBACENA,MG,3105608,-21.2214,-43.7703
BARRA LONGA,MG,3105707,-20.2869,-43.0402
BARROSO,MG,3105905,-21.1907,-43.972
BELA VISTA DE MINAS,MG,3106002,-19.8302,-43.0922
BELMIRO BRAGA,MG,3106101,-21.944,-43.4084
BELO HORIZONTE,MG,3106200,-19.9102,-43.9266
BELO ORIENTE,MG,3106309,-19.2199,-42.4828
BELO VALE,MG,3106408,-20.4077,-44.0275
BERILO,MG,3106507,-16.9567,-42.4606
BERIZAL,MG,3106655,-15.61,-41.7432
BERTOPOLIS,MG,3106606,-17.059,-40.58
BETIM,MG,3106705,-19.9668,-44.2008
BIAS FORTES,MG,3106804,-21.602,-43.7574
BICAS,MG,3106903,-21.7232,-43.056
BIQUINHAS,MG,3107000,-18.7754,-45.4974
BOA ESPERANCA,MG,3107109,-21.0927,-45.5612
BOCAINA DE MINAS,MG,3107208,-22.1697,-44.3972
BOCAIUVA,MG,3107307,-17.1135,-43.8104
BOM DESPACHO,MG,3107406,-19.7386,-45.2622
BOM JARDIM DE MINAS,MG,3107505,-21.9479,-44.1885
BOM JESUS DA PENHA,MG,3107604,-21.0148,-46.5174
BOM JESUS DO AMPARO,MG,3107703,-19.7054,-43.4782
BOM JESUS DO GALHO,MG,3107802,-19.836,-42.3165
BOM REPOUSO,MG,3107901,-22.4675,-46.144
BOM SUCESSO,MG,3108008,-21.0329,-44.7537
BONFIM,MG,3108107,-20.3302,-44.2366
BONFINOPOLIS DE MINAS,MG,3108206,-16.568,-45.9839
BONITO DE MINAS,MG,3108255,-15.3231,-44.7543
BORDA DA MATA,MG,3108305,-22.2707,-46.1653
BOTELHOS,MG,3108404,-21.6412,-46.391
BOTUMIRIM,MG,3108503,-16.8657,-43.0086
BRAS PIRES,MG,3108701,-20.8419,-43.2406
BRASILANDIA DE MINAS,MG,3108552,-16.9999,-46.0081
BRASILIA DE MINAS,MG,3108602,-16.2104,-44.4299
BRAUNAS,MG,3108800,-19.0562,-42.7099
BRAZOPOLIS,MG,3108909,-22.4743,-45.6166
BRUMADINHO,MG,3109006,-20.151,-44.2007
BUENO BRANDAO,MG,3109105,-22.4383,-46.3491
BUENOPOLIS,MG,3109204,-17.8744,-44.1775
BUGRE,MG,3109253,-19.4231,-42.2552
BURITIS,MG,3109303,-15.6218,-46.4221
BURITIZEIRO,MG,3109402,-17.3656,-44.9606
CABECEIRA GRANDE,MG,3109451,-16.0335,-47.0862
CABO VERDE,MG,3109501,-21.4699,-46.3919
CACHOEIRA DA PRATA,MG,3109600,-19.521,-44.4544
CACHOEIRA DE MINAS,MG,3109709,-22.3511,-45.7809
CACHOEIRA DE PAJEU,MG,3102704,-15.9688,-41.4948
CACHOEIRA DOURADA,MG,3109808,-18.5161,-49.5039
CAETANOPOLIS,MG,3109907,-19.2971,-44.4189
CAETE,MG,3110004,-19.8826,-43.6704
CAIANA,MG,3110103,-20.6956,-41.9292
CAJURI,MG,3110202,-20.7903,-42.7925
CALDAS,MG,3110301,-21.9183,-46.3843
CAMACHO,MG,3110400,-20.6294,-45.1593
CAMANDUCAIA,MG,3110509,-22.7515,-46.1494
CAMBUI,MG,3110608,-22.6115,-46.0572
CAMBUQUIRA,MG,3110707,-21.854,-45.2896
CAMPANARIO,MG,3110806,-18.2427,-41.7355
CAMPANHA,MG,3110905,-21.836,-45.4004
CAMPESTRE,MG,3111002,-21.7079,-46.2381
CAMPINA VERDE,MG,3111101,-19.5382,-49.4862
CAMPO AZUL,MG,3111150,-16.5028,-44.8096
CAMPO BELO,MG,3111200,-20.8932,-45.2699
CAMPO DO MEIO,MG,3111309,-21.1127,-45.8273
CAMPO FLORIDO,MG,3111408,-19.7631,-48.5716
CAMPOS ALTOS,MG,3111507,-19.6914,-46.1725
CAMPOS GERAIS,MG,3111606,-21.237,-45.7569
CANA VERDE,MG,3111903,-21.0232,-45.1801
CANAA,MG,3111705,-20.6869,-42.6167
CANAPOLIS,MG,3111804,-18.7212,-49.2035
CANDEIAS,MG,3112000,-20.7692,-45.2765
CANTAGALO,MG,3112059,-18.5248,-42.6223
CAPARAO,MG,3112109,-20.5289,-41.9061
CAPELA NOVA,MG,3112208,-20.9179,-43.622
CAPELINHA,MG,3112307,-17.6888,-42.5147
CAPETINGA,MG,3112406,-20.6163,-47.0571
CAPIM BRANCO,MG,3112505,-19.5471,-44.1304
CAPINOPOLIS,MG,3112604,-18.6862,-49.5706
CAPITAO ANDRADE,MG,3112653,-19.0748,-41.8614
CAPITAO ENEAS,MG,3112703,-16.3265,-43.7084
CAPITOLIO,MG,3112802,-20.6164,-46.0493
CAPUTIRA,MG,3112901,-20.1703,-42.2683
CARAI,MG,3113008,-17.1862,-41.7004
CARANAIBA,MG,3113107,-20.8707,-43.7417
CARANDAI,MG,3113206,-20.9566,-43.811
CARANGOLA,MG,3113305,-20.7343,-42.0313
CARATINGA,MG,3113404,-19.7868,-42.1292
CARBONITA,MG,3113503,-17.5255,-43.0137
CAREACU,MG,3113602,-22.0424,-45.696
CARLOS CHAGAS,MG,3113701,-17.6973,-40.7723
CARMESIA,MG,3113800,-19.0877,-43.1382
CARMO DA CACHOEIRA,MG,3113909,-21.4633,-45.2201
CARMO DA MATA,MG,3114006,-20.5575,-44.8735
CARMO DE MINAS,MG,3114105,-22.1204,-45.1307
CARMO DO CAJURU,MG,3114204,-20.1912,-44.7664
CARMO DO PARANAIBA,MG,3114303,-18.991,-46.3167
CARMO DO RIO CLARO,MG,3114402,-20.9736,-46.1149
CARMOPOLIS DE MINAS,MG,3114501,-20.5396,-44.6336
CARNEIRINHO,MG,3114550,-19.6987,-50.6894
CARRANCAS,MG,3114600,-21.4898,-44.6446
CARVALHOPOLIS,MG,3114709,-21.7735,-45.8421
CARVALHOS,MG,3114808,-22.0,-44.4632
CASA GRANDE,MG,3114907,-20.7925,-43.9343
CASCALHO RICO,MG,3115003,-18.5772,-47.8716
CASSIA,MG,3115102,-20.5831,-46.9201
CATAGUASES,MG,3115300,-21.3924,-42.6896
CATAS ALTAS,MG,3115359,-20.0734,-43.4061
CATAS ALTAS DA NORUEGA,MG,3115409,-20.6901,-43.4939
CATUJI,MG,3115458,-17.3018,-41.5276
CATUTI,MG,3115474,-15.3616,-42.9627
CAXAMBU,MG,3115508,-21.9753,-44.9319
CEDRO DO ABAETE,MG,3115607,-19.1458,-45.712
CENTRAL DE MINAS,MG,3115706,-18.7612,-41.3143
CENTRALINA,MG,3115805,-18.5852,-49.2014
CHACARA,MG,3115904,-21.6733,-43.215
CHALE,MG,3116001,-20.0453,-41.6897
CHAPADA DO NORTE,MG,3116100,-17.0881,-42.5392
CHAPADA GAUCHA,MG,3116159,-15.3014,-45.6116
CHIADOR,MG,3116209,-21.9996,-43.0617
CIPOTANEA,MG,3116308,-20.9026,-43.3629
CLARAVAL,MG,3116407,-20.397,-47.2768
CLARO DOS POCOES,MG,3116506,-17.082,-44.2061
CLAUDIO,MG,3116605,-20.4437,-44.7673
COIMBRA,MG,3116704,-20.8535,-42.8008
COLUNA,MG,3116803,-18.2311,-42.8352
COMENDADOR GOMES,MG,3116902,-19.6973,-49.0789
COMERCINHO,MG,3117009,-16.2963,-41.7945
CONCEICAO DA APARECIDA,MG,3117108,-21.096,-46.2049
CONCEICAO DA BARRA DE MINAS,MG,3115201,-21.1316,-44.4729
CONCEICAO DAS ALAGOAS,MG,3117306,-19.9172,-48.3839
CONCEICAO DAS PEDRAS,MG,3117207,-22.1576,-45.4562
CONCEICAO DE IPANEMA,MG,3117405,-19.9326,-41.6908
CONCEICAO DO MATO DENTRO,MG,3117504,-19.0344,-43.4221
CONCEICAO DO PARA,MG,3117603,-19.7456,-44.8945
CONCEICAO DO RIO VERDE,MG,3117702,-21.8778,-45.087
CONCEICAO DOS OUROS,MG,3117801,-22.4078,-45.7996
CONEGO MARINHO,MG,3117836,-15.2892,-44.4181
CONFINS,MG,3117876,-19.6282,-43.9931
CONGONHAL,MG,3117900,-22.1488,-46.043
CONGONHAS,MG,3118007,-20.4958,-43.851
CONGONHAS DO NORTE,MG,3118106,-18.8021,-43.6767
CONQUISTA,MG,3118205,-19.9312,-47.5492
CONSELHEIRO LAFAIETE,MG,3118304,-20.6634,-43.7846
CONSELHEIRO PENA,MG,3118403,-19.1789,-41.4736
CONSOLACAO,MG,3118502,-22.5493,-45.9255
CONTAGEM,MG,3118601,-19.9321,-44.0539
COQUEIRAL,MG,3118700,-21.1858,-45.4366
CORACAO DE JESUS,MG,3118809,-16.6841,-44.3635
CORDISBURGO,MG,3118908,-19.1224,-44.3224
CORDISLANDIA,MG,3119005,-21.7891,-45.6999
CORINTO,MG,3119104,-18.369,-44.4542
COROACI,MG,3119203,-18.6156,-42.2791
COROMANDEL,MG,3119302,-18.4734,-47.1933
CORONEL FABRICIANO,MG,3119401,-19.5179,-42.6276
CORONEL MURTA,MG,3119500,-16.6148,-42.184
CORONEL PACHECO,MG,3119609,-21.5898,-43.256
CORONEL XAVIER CHAVES,MG,3119708,-21.0277,-44.2206
CORREGO DANTA,MG,3119807,-19.8198,-45.9032
CORREGO DO BOM JESUS,MG,3119906,-22.6269,-46.0241
CORREGO FUNDO,MG,3119955,-20.4474,-45.5617
CORREGO NOVO,MG,3120003,-19.8361,-42.3988
COUTO DE MAGALHAES DE MINAS,MG,3120102,-18.0727,-43.4648
CRISOLITA,MG,3120151,-17.2381,-40.9184
CRISTAIS,MG,3120201,-20.8733,-45.5167
CRISTALIA,MG,3120300,-16.716,-42.8571
CRISTIANO OTONI,MG,3120409,-20.8324,-43.8166
CRISTINA,MG,3120508,-22.208,-45.2673
CRUCILANDIA,MG,3120607,-20.3923,-44.3334
CRUZEIRO DA FORTALEZA,MG,3120706,-18.944,-46.6669
CRUZILIA,MG,3120805,-21.84,-44.8067
CUPARAQUE,MG,3120839,-18.9648,-41.0986
CURRAL DE DENTRO,MG,3120870,-15.9327,-41.8557
CURVELO,MG,3120904,-18.7527,-44.4303
DATAS,MG,3121001,-18.4478,-43.6591
DELFIM MOREIRA,MG,3121100,-22.5036,-45.2792
DELFINOPOLIS,MG,3121209,-20.3468,-46.8456
DELTA,MG,3121258,-19.9721,-47.7841
DESCOBERTO,MG,3121308,-21.46,-42.9618
DESTERRO DE ENTRE RIOS,MG,3121407,-20.665,-44.3334
DESTERRO DO MELO,MG,3121506,-21.143,-43.5178
DIAMANTINA,MG,3121605,-18.2413,-43.6031
DIOGO DE VASCONCELOS,MG,3121704,-20.4879,-43.1953
DIONISIO,MG,3121803,-19.8433,-42.7701
DIVINESIA,MG,3121902,-20.9917,-43.0003
DIVINO,MG,3122009,-20.6134,-42.1438
DIVINO DAS LARANJEIRAS,MG,3122108,-18.7755,-41.4781
DIVINOLANDIA DE MINAS,MG,3122207,-18.8004,-42.6103
DIVINOPOLIS,MG,3122306,-20.1446,-44.8912
DIVISA ALEGRE,MG,3122355,-15.7221,-41.3463
DIVISA NOVA,MG,3122405,-21.5092,-46.1904
DIVISOPOLIS,MG,3122454,-15.7254,-40.9997
DOM BOSCO,MG,3122470,-16.652,-46.2597
DOM CAVATI,MG,3122504,-19.3735,-42.1121
DOM JOAQUIM,MG,3122603,-18.961,-43.2544
DOM SILVERIO,MG,3122702,-20.1627,-42.9627
DOM VICOSO,MG,3122801,-22.2511,-45.1643
DONA EUSEBIA,MG,3122900,-21.319,-42.807
DORES DE CAMPOS,MG,3123007,-21.1139,-44.0207
DORES DE GUANHAES,MG,3123106,-19.0516,-42.9254
DORES DO INDAIA,MG,3123205,-19.4628,-45.5927
DORES DO TURVO,MG,3123304,-20.9785,-43.1834
DORESOPOLIS,MG,3123403,-20.2868,-45.9007
DOURADOQUARA,MG,3123502,-18.4338,-47.5993
DURANDE,MG,3123528,-20.2058,-41.7977
ELOI MENDES,MG,3123601,-21.6088,-45.5691
ENGENHEIRO CALDAS,MG,3123700,-19.2065,-42.0503
ENGENHEIRO NAVARRO,MG,3123809,-17.2831,-43.947
ENTRE FOLHAS,MG,3123858,-19.6218,-42.2306
ENTRE RIOS DE MINAS,MG,3123908,-20.6706,-44.0654
ERVALIA,MG,3124005,-20.8403,-42.6544
ESMERALDAS,MG,3124104,-19.764,-44.3065
ESPERA FELIZ,MG,3124203,-20.6508,-41.9119
ESPINOSA,MG,3124302,-14.9249,-42.809
ESPIRITO SANTO DO DOURADO,MG,3124401,-22.0454,-45.9548
ESTIVA,MG,3124500,-22.4577,-46.0191
ESTRELA DALVA,MG,3124609,-21.7412,-42.4574
ESTRELA DO INDAIA,MG,3124708,-19.5169,-45.7859
ESTRELA DO SUL,MG,3124807,-18.7399,-47.6956
EUGENOPOLIS,MG,3124906,-21.1002,-42.1878
EWBANK DA CAMARA,MG,3125002,-21.5498,-43.5068
EXTREMA,MG,3125101,-22.854,-46.3178
FAMA,MG,3125200,-21.4089,-45.8286
FARIA LEMOS,MG,3125309,-20.8097,-42.0213
FELICIO DOS SANTOS,MG,3125408,-18.0755,-43.2422
FELISBURGO,MG,3125606,-16.6348,-40.7605
FELIXLANDIA,MG,3125705,-18.7507,-44.9004
FERNANDES TOURINHO,MG,3125804,-19.1541,-42.0803
FERROS,MG,3125903,-19.2343,-43.0192
FERVEDOURO,MG,3125952,-20.726,-42.279
FLORESTAL,MG,3126000,-19.888,-44.4318
FORMIGA,MG,3126109,-20.4618,-45.4268
FORMOSO,MG,3126208,-14.9446,-46.2371
FORTALEZA DE MINAS,MG,3126307,-20.8508,-46.712
FORTUNA DE MINAS,MG,3126406,-19.5578,-44.4472
FRANCISCO BADARO,MG,3126505,-16.9883,-42.3568
FRANCISCO DUMONT,MG,3126604,-17.3107,-44.2317
FRANCISCO SA,MG,3126703,-16.4827,-43.4896
FRANCISCOPOLIS,MG,3126752,-17.9578,-42.0094
FREI GASPAR,MG,3126802,-18.0709,-41.4325
FREI INOCENCIO,MG,3126901,-18.5556,-41.9121
FREI LAGONEGRO,MG,3126950,-18.1751,-42.7617
FRONTEIRA,MG,3127008,-20.2748,-49.1984
FRONTEIRA DOS VALES,MG,3127057,-16.8898,-40.923
FRUTA DE LEITE,MG,3127073,-16.1225,-42.5288
FRUTAL,MG,3127107,-20.0259,-48.9355
FUNILANDIA,MG,3127206,-19.3661,-44.061
GALILEIA,MG,3127305,-19.0005,-41.5387
GAMELEIRAS,MG,3127339,-15.0829,-43.125
GLAUCILANDIA,MG,3127354,-16.8481,-43.692
GOIABEIRA,MG,3127370,-18.9807,-41.2235
GOIANA,MG,3127388,-21.536,-43.1957
GONCALVES,MG,3127404,-22.6545,-45.8556
GONZAGA,MG,3127503,-18.8196,-42.4769
GOUVEIA,MG,3127602,-18.4519,-43.7423
GOVERNADOR VALADARES,MG,3127701,-18.8545,-41.9555
GRAO MOGOL,MG,3127800,-16.5662,-42.8923
GRUPIARA,MG,3127909,-18.5003,-47.7318
GUANHAES,MG,3128006,-18.7713,-42.9312
GUAPE,MG,3128105,-20.7631,-45.9152
GUARACIABA,MG,3128204,-20.5716,-43.0094
GUARACIAMA,MG,3128253,-17.0142,-43.6675
GUARANESIA,MG,3128303,-21.3009,-46.7964
GUARANI,MG,3128402,-21.3563,-43.0328
GUARARA,MG,3128501,-21.7304,-43.0334
GUARDA-MOR,MG,3128600,-17.7673,-47.0998
GUAXUPE,MG,3128709,-21.305,-46.7081
GUIDOVAL,MG,3128808,-21.155,-42.7887
GUIMARANIA,MG,3128907,-18.8425,-46.7901
GUIRICEMA,MG,3129004,-21.0098,-42.7207
GURINHATA,MG,3129103,-19.2143,-49.7876
HELIODORA,MG,3129202,-22.0644,-45.5453
IAPU,MG,3129301,-19.4387,-42.2147
IBERTIOGA,MG,3129400,-21.433,-43.9639
IBIA,MG,3129509,-19.4749,-46.5474
IBIAI,MG,3129608,-16.8591,-44.9046
IBIRACATU,MG,3129657,-15.6605,-44.1667
IBIRACI,MG,3129707,-20.4611,-47.1222
IBIRITE,MG,3129806,-20.0252,-44.0569
IBITIURA DE MINAS,MG,3129905,-22.0604,-46.4368
IBITURUNA,MG,3130002,-21.1541,-44.7479
ICARAI DE MINAS,MG,3130051,-16.214,-44.9034
IGARAPE,MG,3130101,-20.0707,-44.2994
IGARATINGA,MG,3130200,-19.9476,-44.7063
IGUATAMA,MG,3130309,-20.1776,-45.7111
IJACI,MG,3130408,-21.1738,-44.9233
ILICINEA,MG,3130507,-20.9402,-45.8308
IMBE DE MINAS,MG,3130556,-19.6017,-41.9695
INCONFIDENTES,MG,3130606,-22.3136,-46.3264
INDAIABIRA,MG,3130655,-15.4911,-42.2005
INDIANOPOLIS,MG,3130705,-19.0341,-47.9155
INGAI,MG,3130804,-21.4024,-44.9152
INHAPIM,MG,3130903,-19.5476,-42.1147
INHAUMA,MG,3131000,-19.4898,-44.3934
INIMUTABA,MG,3131109,-18.7271,-44.3584
IPABA,MG,3131158,-19.4158,-42.4139
IPANEMA,MG,3131208,-19.7992,-41.7164
IPATINGA,MG,3131307,-19.4703,-42.5476
IPIACU,MG,3131406,-18.6927,-49.9436
IPUIUNA,MG,3131505,-22.1013,-46.1915
IRAI DE MINAS,MG,3131604,-18.9819,-47.461
ITABIRA,MG,3131703,-19.6239,-43.2312
ITABIRINHA,MG,3131802,-18.5712,-41.234
ITABIRITO,MG,3131901,-20.2501,-43.8038
ITACAMBIRA,MG,3132008,-17.0625,-43.3069
ITACARAMBI,MG,3132107,-15.089,-44.095
ITAGUARA,MG,3132206,-20.3947,-44.4875
ITAIPE,MG,3132305,-17.4014,-41.6697
ITAJUBA,MG,3132404,-22.4225,-45.4598
ITAMARANDIBA,MG,3132503,-17.8552,-42.8561
ITAMARATI DE MINAS,MG,3132602,-21.4179,-42.813
ITAMBACURI,MG,3132701,-18.035,-41.683
ITAMBE DO MATO DENTRO,MG,3132800,-19.4158,-43.3182
ITAMOGI,MG,3132909,-21.0758,-47.046
ITAMONTE,MG,3133006,-22.2859,-44.868
ITANHANDU,MG,3133105,-22.2942,-44.9382
ITANHOMI,MG,3133204,-19.1736,-41.863
ITAOBIM,MG,3133303,-16.5571,-41.5017
ITAPAGIPE,MG,3133402,-19.9062,-49.3781
ITAPECERICA,MG,3133501,-20.4704,-45.127
ITAPEVA,MG,3133600,-22.7665,-46.2241
ITATIAIUCU,MG,3133709,-20.1983,-44.4211
ITAU DE MINAS,MG,3133758,-20.7375,-46.7525
ITAUNA,MG,3133808,-20.0818,-44.5801
ITAVERAVA,MG,3133907,-20.6769,-43.6141
ITINGA,MG,3134004,-16.61,-41.7672
ITUETA,MG,3134103,-19.3999,-41.1746
ITUIUTABA,MG,3134202,-18.9772,-49.4639
ITUMIRIM,MG,3134301,-21.3171,-44.8724
ITURAMA,MG,3134400,-19.7276,-50.1966
ITUTINGA,MG,3134509,-21.3,-44.6567
JABOTICATUBAS,MG,3134608,-19.5119,-43.7373
JACINTO,MG,3134707,-16.1428,-40.295
JACUI,MG,3134806,-21.0137,-46.7359
JACUTINGA,MG,3134905,-22.286,-46.6166
JAGUARACU,MG,3135001,-19.647,-42.7498
JAIBA,MG,3135050,-15.3432,-43.6688
JAMPRUCA,MG,3135076,-18.461,-41.809
JANAUBA,MG,3135100,-15.8022,-43.3132
JANUARIA,MG,3135209,-15.4802,-44.3639
JAPARAIBA,MG,3135308,-20.1442,-45.5015
JAPONVAR,MG,3135357,-15.9891,-44.2758
JECEABA,MG,3135407,-20.5339,-43.9894
JENIPAPO DE MINAS,MG,3135456,-17.0831,-42.2589
JEQUERI,MG,3135506,-20.4542,-42.6651
JEQUITAI,MG,3135605,-17.229,-44.4376
JEQUITIBA,MG,3135704,-19.2345,-44.0304
JEQUITINHONHA,MG,3135803,-16.4375,-41.0117
JESUANIA,MG,3135902,-21.9887,-45.2911
JOAIMA,MG,3136009,-16.6522,-41.0229
JOANESIA,MG,3136108,-19.1729,-42.6775
JOAO MONLEVADE,MG,3136207,-19.8126,-43.1735
JOAO PINHEIRO,MG,3136306,-17.7398,-46.1715
JOAQUIM FELICIO,MG,3136405,-17.758,-44.1643
JORDANIA,MG,3136504,-15.9009,-40.1841
JOSE GONCALVES DE MINAS,MG,3136520,-16.9053,-42.6014
JOSE RAYDAN,MG,3136553,-18.2195,-42.4946
JOSENOPOLIS,MG,3136579,-16.5417,-42.5151
JUATUBA,MG,3136652,-19.9448,-44.3451
JUIZ DE FORA,MG,3136702,-21.7595,-43.3398
JURAMENTO,MG,3136801,-16.8473,-43.5865
JURUAIA,MG,3136900,-21.2493,-46.5735
JUVENILIA,MG,3136959,-14.2662,-44.1597
LADAINHA,MG,3137007,-17.6279,-41.7488
LAGAMAR,MG,3137106,-18.1759,-46.8063
LAGOA DA PRATA,MG,3137205,-20.0237,-45.5401
LAGOA DOS PATOS,MG,3137304,-16.978,-44.5754
LAGOA DOURADA,MG,3137403,-20.9139,-44.0797
LAGOA FORMOSA,MG,3137502,-18.7715,-46.4012
LAGOA GRANDE,MG,3137536,-17.8323,-46.5165
LAGOA SANTA,MG,3137601,-19.6397,-43.8932
LAJINHA,MG,3137700,-20.1539,-41.6228
LAMBARI,MG,3137809,-21.9671,-45.3498
LAMIM,MG,3137908,-20.79,-43.4706
LARANJAL,MG,3138005,-21.3715,-42.4732
LASSANCE,MG,3138104,-17.887,-44.5735
LAVRAS,MG,3138203,-21.248,-45.0009
LEANDRO FERREIRA,MG,3138302,-19.7193,-45.0279
LEME DO PRADO,MG,3138351,-17.0793,-42.6936
LEOPOLDINA,MG,3138401,-21.5296,-42.6421
LIBERDADE,MG,3138500,-22.0275,-44.3208
LIMA DUARTE,MG,3138609,-21.8386,-43.7934
LIMEIRA DO OESTE,MG,3138625,-19.5512,-50.5815
LONTRA,MG,3138658,-15.9013,-44.306
LUISBURGO,MG,3138674,-20.4468,-42.0976
LUISLANDIA,MG,3138682,-16.1095,-44.5886
LUMINARIAS,MG,3138708,-21.5145,-44.9034
LUZ,MG,3138807,-19.7911,-45.6794
MACHACALIS,MG,3138906,-17.0723,-40.7245
MACHADO,MG,3139003,-21.6778,-45.9219
MADRE DE DEUS DE MINAS,MG,3139102,-21.483,-44.3287
MALACACHETA,MG,3139201,-17.8456,-42.0769
MAMONAS,MG,3139250,-15.0479,-42.9469
MANGA,MG,3139300,-14.7529,-43.9391
MANHUACU,MG,3139409,-20.2572,-42.028
MANHUMIRIM,MG,3139508,-20.3591,-41.9589
MANTENA,MG,3139607,-18.7761,-40.9874
MAR DE ESPANHA,MG,3139805,-21.8707,-43.0062
MARAVILHAS,MG,3139706,-19.5076,-44.6779
MARIA DA FE,MG,3139904,-22.3044,-45.3773
MARIANA,MG,3140001,-20.3765,-43.414
MARILAC,MG,3140100,-18.5079,-42.0822
MARIO CAMPOS,MG,3140159,-20.0582,-44.1883
MARIPA DE MINAS,MG,3140209,-21.6979,-42.9546
MARLIERIA,MG,3140308,-19.7096,-42.7327
MARMELOPOLIS,MG,3140407,-22.447,-45.1645
MARTINHO CAMPOS,MG,3140506,-19.3306,-45.2434
MARTINS SOARES,MG,3140530,-20.2546,-41.8786
MATA VERDE,MG,3140555,-15.6869,-40.7366
MATERLANDIA,MG,3140605,-18.4699,-43.0579
MATEUS LEME,MG,3140704,-19.9794,-44.4318
MATHIAS LOBATO,MG,3171501,-18.59,-41.9166
MATIAS BARBOSA,MG,3140803,-21.869,-43.3135
MATIAS CARDOSO,MG,3140852,-14.8563,-43.9146
MATIPO,MG,3140902,-20.2873,-42.3401
MATO VERDE,MG,3141009,-15.3944,-42.86
MATOZINHOS,MG,3141108,-19.5543,-44.0868
MATUTINA,MG,3141207,-19.2179,-45.9664
MEDEIROS,MG,3141306,-19.9865,-46.2181
MEDINA,MG,3141405,-16.2245,-41.4728
MENDES PIMENTEL,MG,3141504,-18.6631,-41.4052
MERCES,MG,3141603,-21.1976,-43.3337
MESQUITA,MG,3141702,-19.224,-42.6079
MINAS NOVAS,MG,3141801,-17.2156,-42.5884
MINDURI,MG,3141900,-21.6797,-44.6051
MIRABELA,MG,3142007,-16.256,-44.1602
MIRADOURO,MG,3142106,-20.8899,-42.3458
MIRAI,MG,3142205,-21.2021,-42.6122
MIRAVANIA,MG,3142254,-14.7348,-44.4092
MOEDA,MG,3142304,-20.3399,-44.0509
MOEMA,MG,3142403,-19.8387,-45.4127
MONJOLOS,MG,3142502,-18.3245,-44.118
MONSENHOR PAULO,MG,3142601,-21.7579,-45.5391
MONTALVANIA,MG,3142700,-14.4197,-44.3719
MONTE ALEGRE DE MINAS,MG,3142809,-18.869,-48.881
MONTE AZUL,MG,3142908,-15.1514,-42.8718
MONTE BELO,MG,3143005,-21.3271,-46.3635
MONTE CARMELO,MG,3143104,-18.7302,-47.4912
MONTE FORMOSO,MG,3143153,-16.8691,-41.2473
MONTE SANTO DE MINAS,MG,3143203,-21.1873,-46.9753
MONTE SIAO,MG,3143401,-22.4335,-46.573
MONTES CLAROS,MG,3143302,-16.7282,-43.8578
MONTEZUMA,MG,3143450,-15.1702,-42.4941
MORADA NOVA DE MINAS,MG,3143500,-18.5998,-45.3584
MORRO DA GARCA,MG,3143609,-18.5356,-44.601
MORRO DO PILAR,MG,3143708,-19.2236,-43.3795
MUNHOZ,MG,3143807,-22.6092,-46.362
MURIAE,MG,3143906,-21.13,-42.3693
MUTUM,MG,3144003,-19.8121,-41.4407
MUZAMBINHO,MG,3144102,-21.3692,-46.5213
NACIP RAYDAN,MG,3144201,-18.4544,-42.2481
NANUQUE,MG,3144300,-17.8481,-40.3533
NAQUE,MG,3144359,-19.2291,-42.3312
NATALANDIA,MG,3144375,-16.5021,-46.4874
NATERCIA,MG,3144409,-22.1158,-45.5123
NAZARENO,MG,3144508,-21.2168,-44.6138
NEPOMUCENO,MG,3144607,-21.2324,-45.235
NINHEIRA,MG,3144656,-15.3148,-41.7564
NOVA BELEM,MG,3144672,-18.4925,-41.1107
NOVA ERA,MG,3144706,-19.7577,-43.0333
NOVA LIMA,MG,3144805,-19.9758,-43.8509
NOVA MODICA,MG,3144904,-18.4417,-41.4984
NOVA PONTE,MG,3145000,-19.1461,-47.6779
NOVA PORTEIRINHA,MG,3145059,-15.7993,-43.2941
NOVA RESENDE,MG,3145109,-21.1286,-46.4157
NOVA SERRANA,MG,3145208,-19.8713,-44.9847
NOVA UNIAO,MG,3136603,-19.6876,-43.583
NOVO CRUZEIRO,MG,3145307,-17.4654,-41.8826
NOVO ORIENTE DE MINAS,MG,3145356,-17.4089,-41.2194
NOVORIZONTE,MG,3145372,-16.0162,-42.4044
OLARIA,MG,3145406,-21.8598,-43.9356
OLHOS-D`AGUA,MG,3145455,-17.3982,-43.5719
OLIMPIO NORONHA,MG,3145505,-22.0685,-45.2657
OLIVEIRA,MG,3145604,-20.6982,-44.829
OLIVEIRA FORTES,MG,3145703,-21.3401,-43.4499
ONCA DE PITANGUI,MG,3145802,-19.7276,-44.8058
ORATORIOS,MG,3145851,-20.4298,-42.7977
ORIZANIA,MG,3145877,-20.5142,-42.1991
OURO BRANCO,MG,3145901,-20.5263,-43.6962
OURO FINO,MG,3146008,-22.2779,-46.3716
OURO PRETO,MG,3146107,-20.3796,-43.512
OURO VERDE DE MINAS,MG,3146206,-18.0719,-41.2734
PADRE CARVALHO,MG,3146255,-16.3646,-42.5088
PADRE PARAISO,MG,3146305,-17.0758,-41.4821
PAI PEDRO,MG,3146552,-15.5271,-43.07
PAINEIRAS,MG,3146404,-18.8993,-45.5321
PAINS,MG,3146503,-20.3705,-45.6627
PAIVA,MG,3146602,-21.2913,-43.4088
PALMA,MG,3146701,-21.3748,-42.3123
PALMOPOLIS,MG,3146750,-16.7364,-40.4296
PAPAGAIOS,MG,3146909,-19.4419,-44.7468
PARA DE MINAS,MG,3147105,-19.8534,-44.6114
PARACATU,MG,3147006,-17.2252,-46.8711
PARAGUACU,MG,3147204,-21.5465,-45.7374
PARAISOPOLIS,MG,3147303,-22.5539,-45.7803
PARAOPEBA,MG,3147402,-19.2732,-44.4044
PASSA QUATRO,MG,3147600,-22.3871,-44.9709
PASSA TEMPO,MG,3147709,-20.6539,-44.4926
PASSA-VINTE,MG,3147808,-22.2097,-44.2344
PASSABEM,MG,3147501,-19.3509,-43.1383
PASSOS,MG,3147907,-20.7193,-46.609
PATIS,MG,3147956,-16.0773,-44.0787
PATOS DE MINAS,MG,3148004,-18.5699,-46.5013
PATROCINIO,MG,3148103,-18.9379,-46.9934
PATROCINIO DO MURIAE,MG,3148202,-21.1544,-42.2125
PAULA CANDIDO,MG,3148301,-20.8754,-42.9752
PAULISTAS,MG,3148400,-18.4276,-42.8628
PAVAO,MG,3148509,-17.4267,-41.0035
PECANHA,MG,3148608,-18.5441,-42.5583
PEDRA AZUL,MG,3148707,-16.0086,-41.2909
PEDRA BONITA,MG,3148756,-20.5219,-42.3304
PEDRA DO ANTA,MG,3148806,-20.5968,-42.7123
PEDRA DO INDAIA,MG,3148905,-20.2563,-45.2107
PEDRA DOURADA,MG,3149002,-20.8266,-42.1515
PEDRALVA,MG,3149101,-22.2386,-45.4654
PEDRAS DE MARIA DA CRUZ,MG,3149150,-15.6032,-44.391
PEDRINOPOLIS,MG,3149200,-19.2241,-47.4579
PEDRO LEOPOLDO,MG,3149309,-19.6308,-44.0383
PEDRO TEIXEIRA,MG,3149408,-21.7076,-43.743
PEQUERI,MG,3149507,-21.8341,-43.1145
PEQUI,MG,3149606,-19.6284,-44.6604
PERDIGAO,MG,3149705,-19.9411,-45.078
PERDIZES,MG,3149804,-19.3434,-47.2963
PERDOES,MG,3149903,-21.0932,-45.0896
PERIQUITO,MG,3149952,-19.1573,-42.2333
PESCADOR,MG,3150000,-18.357,-41.6006
PIAU,MG,3150109,-21.5096,-43.313
PIEDADE DE CARATINGA,MG,3150158,-19.7593,-42.0756
PIEDADE DE PONTE NOVA,MG,3150208,-20.2438,-42.7379
PIEDADE DO RIO GRANDE,MG,3150307,-21.469,-44.1938
PIEDADE DOS GERAIS,MG,3150406,-20.4715,-44.2243
PIMENTA,MG,3150505,-20.4827,-45.8049
PINGO-D`AGUA,MG,3150539,-19.7287,-42.4095
PINTOPOLIS,MG,3150570,-16.0572,-45.1402
PIRACEMA,MG,3150604,-20.5089,-44.4783
PIRAJUBA,MG,3150703,-19.9092,-48.7027
PIRANGA,MG,3150802,-20.6834,-43.2967
PIRANGUCU,MG,3150901,-22.5249,-45.4945
PIRANGUINHO,MG,3151008,-22.395,-45.5324
PIRAPETINGA,MG,3151107,-21.6554,-42.3434
PIRAPORA,MG,3151206,-17.3392,-44.934
PIRAUBA,MG,3151305,-21.2825,-43.0172
PITANGUI,MG,3151404,-19.6741,-44.8964
PIUMHI,MG,3151503,-20.4762,-45.9589
PLANURA,MG,3151602,-20.1376,-48.7
POCO FUNDO,MG,3151701,-21.78,-45.9658
POCOS DE CALDAS,MG,3151800,-21.78,-46.5692
POCRANE,MG,3151909,-19.6208,-41.6334
POMPEU,MG,3152006,-19.2257,-45.0141
PONTE NOVA,MG,3152105,-20.4111,-42.8978
PONTO CHIQUE,MG,3152131,-16.6282,-45.0588
PONTO DOS VOLANTES,MG,3152170,-16.7473,-41.5025
PORTEIRINHA,MG,3152204,-15.7404,-43.0281
PORTO FIRME,MG,3152303,-20.6642,-43.0834
POTE,MG,3152402,-17.8077,-41.786
POUSO ALEGRE,MG,3152501,-22.2266,-45.9389
POUSO ALTO,MG,3152600,-22.1964,-44.9748
PRADOS,MG,3152709,-21.0597,-44.0778
PRATA,MG,3152808,-19.3086,-48.9276
PRATAPOLIS,MG,3152907,-20.7411,-46.8624
PRATINHA,MG,3153004,-19.739,-46.3755
PRESIDENTE BERNARDES,MG,3153103,-20.7656,-43.1895
PRESIDENTE JUSCELINO,MG,3153202,-18.6401,-44.06
PRESIDENTE KUBITSCHEK,MG,3153301,-18.6193,-43.5628
PRESIDENTE OLEGARIO,MG,3153400,-18.4096,-46.4165
PRUDENTE DE MORAIS,MG,3153608,-19.4742,-44.1591
QUARTEL GERAL,MG,3153707,-19.2703,-45.5569
QUELUZITO,MG,3153806,-20.7416,-43.8851
RAPOSOS,MG,3153905,-19.9636,-43.8079
RAUL SOARES,MG,3154002,-20.1061,-42.4502
RECREIO,MG,3154101,-21.5289,-42.4676
REDUTO,MG,3154150,-20.2401,-41.9848
RESENDE COSTA,MG,3154200,-20.9171,-44.2407
RESPLENDOR,MG,3154309,-19.3194,-41.2462
RESSAQUINHA,MG,3154408,-21.0642,-43.7598
RIACHINHO,MG,3154457,-16.2258,-45.9888
RIACHO DOS MACHADOS,MG,3154507,-16.0091,-43.0488
RIBEIRAO DAS NEVES,MG,3154606,-19.7621,-44.0844
RIBEIRAO VERMELHO,MG,3154705,-21.1879,-45.0637
RIO ACIMA,MG,3154804,-20.0876,-43.7878
RIO CASCA,MG,3154903,-20.2285,-42.6462
RIO DO PRADO,MG,3155108,-16.6056,-40.5714
RIO DOCE,MG,3155009,-20.2412,-42.8995
RIO ESPERA,MG,3155207,-20.855,-43.4721
RIO MANSO,MG,3155306,-20.2666,-44.3069
RIO NOVO,MG,3155405,-21.4649,-43.1168
RIO PARANAIBA,MG,3155504,-19.1861,-46.2455
RIO PARDO DE MINAS,MG,3155603,-15.616,-42.5405
RIO PIRACICABA,MG,3155702,-19.9284,-43.1829
RIO POMBA,MG,3155801,-21.2712,-43.1696
RIO PRETO,MG,3155900,-22.0861,-43.8293
RIO VERMELHO,MG,3156007,-18.2922,-43.0018
RITAPOLIS,MG,3156106,-21.0276,-44.3204
ROCHEDO DE MINAS,MG,3156205,-21.6284,-43.0165
RODEIRO,MG,3156304,-21.2035,-42.8586
ROMARIA,MG,3156403,-18.8838,-47.5782
ROSARIO DA LIMEIRA,MG,3156452,-20.9812,-42.5112
RUBELITA,MG,3156502,-16.4053,-42.261
RUBIM,MG,3156601,-16.3775,-40.5397
SABARA,MG,3156700,-19.884,-43.8263
SABINOPOLIS,MG,3156809,-18.6653,-43.0752
SACRAMENTO,MG,3156908,-19.8622,-47.4508
SALINAS,MG,3157005,-16.1753,-42.2964
SALTO DA DIVISA,MG,3157104,-16.0063,-39.9391
SANTA BARBARA,MG,3157203,-19.9604,-43.4101
SANTA BARBARA DO LESTE,MG,3157252,-19.9753,-42.1457
SANTA BARBARA DO MONTE VERDE,MG,3157278,-21.9592,-43.7027
SANTA BARBARA DO TUGURIO,MG,3157302,-21.2431,-43.5607
SANTA CRUZ DE MINAS,MG,3157336,-21.1241,-44.2202
SANTA CRUZ DE SALINAS,MG,3157377,-16.0967,-41.7418
SANTA CRUZ DO ESCALVADO,MG,3157401,-20.2372,-42.8169
SANTA EFIGENIA DE MINAS,MG,3157500,-18.8235,-42.4388
SANTA FE DE MINAS,MG,3157609,-16.6859,-45.4102
SANTA HELENA DE MINAS,MG,3157658,-16.9707,-40.6727
SANTA JULIANA,MG,3157708,-19.3108,-47.5322
SANTA LUZIA,MG,3157807,-19.7548,-43.8497
SANTA MARGARIDA,MG,3157906,-20.3839,-42.2519
SANTA MARIA DE ITABIRA,MG,3158003,-19.4431,-43.1064
SANTA MARIA DO SALTO,MG,3158102,-16.2479,-40.1512
SANTA MARIA DO SUACUI,MG,3158201,-18.1896,-42.4139
SANTA RITA DE CALDAS,MG,3159209,-22.0292,-46.3385
SANTA RITA DE IBITIPOCA,MG,3159407,-21.5658,-43.9163
SANTA RITA DE JACUTINGA,MG,3159308,-22.1474,-44.0977
SANTA RITA DE MINAS,MG,3159357,-19.876,-42.1363
SANTA RITA DO ITUETO,MG,3159506,-19.3576,-41.3821
SANTA RITA DO SAPUCAI,MG,3159605,-22.2461,-45.7034
SANTA ROSA DA SERRA,MG,3159704,-19.5186,-45.9611
SANTA VITORIA,MG,3159803,-18.8414,-50.1208
SANTANA DA VARGEM,MG,3158300,-21.2449,-45.5005
SANTANA DE CATAGUASES,MG,3158409,-21.2893,-42.5524
SANTANA DE PIRAPAMA,MG,3158508,-18.9962,-44.0409
SANTANA DO DESERTO,MG,3158607,-21.9512,-43.1583
SANTANA DO GARAMBEU,MG,3158706,-21.5983,-44.105
SANTANA DO JACARE,MG,3158805,-20.9007,-45.1285
SANTANA DO MANHUACU,MG,3158904,-20.1031,-41.9278
SANTANA DO PARAISO,MG,3158953,-19.3661,-42.5446
SANTANA DO RIACHO,MG,3159001,-19.1662,-43.722
SANTANA DOS MONTES,MG,3159100,-20.7868,-43.6949
SANTO ANTONIO DO AMPARO,MG,3159902,-20.943,-44.9176
SANTO ANTONIO DO AVENTUREIRO,MG,3160009,-21.7606,-42.8115
SANTO ANTONIO DO GRAMA,MG,3160108,-20.3185,-42.6047
SANTO ANTONIO DO ITAMBE,MG,3160207,-18.4609,-43.3006
SANTO ANTONIO DO JACINTO,MG,3160306,-16.5332,-40.1817
SANTO ANTONIO DO MONTE,MG,3160405,-20.085,-45.2947
SANTO ANTONIO DO RETIRO,MG,3160454,-15.3393,-42.6171
SANTO ANTONIO DO RIO ABAIXO,MG,3160504,-19.2374,-43.2604
SANTO HIPOLITO,MG,3160603,-18.2968,-44.2229
SANTOS DUMONT,MG,3160702,-21.4634,-43.5499
SAO BENTO ABADE,MG,3160801,-21.5839,-45.0699
SAO BRAS DO SUACUI,MG,3160900,-20.6242,-43.9515
SAO DOMINGOS DAS DORES,MG,3160959,-19.5246,-42.0106
SAO DOMINGOS DO PRATA,MG,3161007,-19.8678,-42.971
SAO FELIX DE MINAS,MG,3161056,-18.5959,-41.4889
SAO FRANCISCO,MG,3161106,-15.9514,-44.8593
SAO FRANCISCO DE PAULA,MG,3161205,-20.7036,-44.9838
SAO FRANCISCO DE SALES,MG,3161304,-19.8611,-49.7727
SAO FRANCISCO DO GLORIA,MG,3161403,-20.7923,-42.2673
SAO GERALDO,MG,3161502,-20.9252,-42.8364
SAO GERALDO DA PIEDADE,MG,3161601,-18.8411,-42.2867
SAO GERALDO DO BAIXIO,MG,3161650,-18.9097,-41.363
SAO GONCALO DO ABAETE,MG,3161700,-18.3315,-45.8265
SAO GONCALO DO PARA,MG,3161809,-19.9822,-44.8593
SAO GONCALO DO RIO ABAIXO,MG,3161908,-19.8221,-43.366
SAO GONCALO DO RIO PRETO,MG,3125507,-18.0025,-43.3854
SAO GONCALO DO SAPUCAI,MG,3162005,-21.8932,-45.5893
SAO GOTARDO,MG,3162104,-19.3087,-46.0465
SAO JOAO BATISTA DO GLORIA,MG,3162203,-20.635,-46.508
SAO JOAO DA LAGOA,MG,3162252,-16.8455,-44.3507
SAO JOAO DA MATA,MG,3162302,-21.928,-45.9297
SAO JOAO DA PONTE,MG,3162401,-15.9271,-44.0096
SAO JOAO DAS MISSOES,MG,3162450,-14.8859,-44.0922
SAO JOAO DEL REI,MG,3162500,-21.1311,-44.2526
SAO JOAO DO MANHUACU,MG,3162559,-20.3933,-42.1533
SAO JOAO DO MANTENINHA,MG,3162575,-18.723,-41.1628
SAO JOAO DO ORIENTE,MG,3162609,-19.3384,-42.1575
SAO JOAO DO PACUI,MG,3162658,-16.5373,-44.5134
SAO JOAO DO PARAISO,MG,3162708,-15.3168,-42.0213
SAO JOAO EVANGELISTA,MG,3162807,-18.548,-42.7655
SAO JOAO NEPOMUCENO,MG,3162906,-21.5381,-43.0069
SAO JOAQUIM DE BICAS,MG,3162922,-20.048,-44.2749
SAO JOSE DA BARRA,MG,3162948,-20.7178,-46.313
SAO JOSE DA LAPA,MG,3162955,-19.6971,-43.9586
SAO JOSE DA SAFIRA,MG,3163003,-18.3243,-42.1431
SAO JOSE DA VARGINHA,MG,3163102,-19.7006,-44.556
SAO JOSE DO ALEGRE,MG,3163201,-22.3243,-45.5258
SAO JOSE DO DIVINO,MG,3163300,-18.4793,-41.3907
SAO JOSE DO GOIABAL,MG,3163409,-19.9214,-42.7035
SAO JOSE DO JACURI,MG,3163508,-18.281,-42.6729
SAO JOSE DO MANTIMENTO,MG,3163607,-20.0058,-41.7486
SAO LOURENCO,MG,3163706,-22.1166,-45.0506
SAO MIGUEL DO ANTA,MG,3163805,-20.7067,-42.7174
SAO PEDRO DA UNIAO,MG,3163904,-21.131,-46.6123
SAO PEDRO DO SUACUI,MG,3164100,-18.3609,-42.5981
SAO PEDRO DOS FERROS,MG,3164001,-20.1732,-42.5251
SAO ROMAO,MG,3164209,-16.3641,-45.0749
SAO ROQUE DE MINAS,MG,3164308,-20.249,-46.3639
SAO SEBASTIAO DA BELA VISTA,MG,3164407,-22.1583,-45.7546
SAO SEBASTIAO DA VARGEM ALEGRE,MG,3164431,-19.7477,-43.3679
SAO SEBASTIAO DO ANTA,MG,3164472,-19.5064,-41.985
SAO SEBASTIAO DO MARANHAO,MG,3164506,-18.0873,-42.5659
SAO SEBASTIAO DO OESTE,MG,3164605,-20.2758,-45.0063
SAO SEBASTIAO DO PARAISO,MG,3164704,-20.9167,-46.9837
SAO SEBASTIAO DO RIO PRETO,MG,3164803,-19.2959,-43.1757
SAO SEBASTIAO DO RIO VERDE,MG,3164902,-22.2183,-44.9761
SAO THOME DAS LETRAS,MG,3165206,-21.7218,-44.9849
SAO TIAGO,MG,3165008,-20.9075,-44.5098
SAO TOMAS DE AQUINO,MG,3165107,-20.7791,-47.0962
SAO VICENTE DE MINAS,MG,3165305,-21.7042,-44.4431
SAPUCAI-MIRIM,MG,3165404,-22.7409,-45.738
SARDOA,MG,3165503,-18.7828,-42.3629
SARZEDO,MG,3165537,-20.0367,-44.1446
SEM-PEIXE,MG,3165560,-20.1008,-42.8483
SENADOR AMARAL,MG,3165578,-22.5869,-46.1763
SENADOR CORTES,MG,3165602,-21.7986,-42.9424
SENADOR FIRMINO,MG,3165701,-20.9158,-43.0904
SENADOR JOSE BENTO,MG,3165800,-22.1633,-46.1792
SENADOR MODESTINO GONCALVES,MG,3165909,-17.9465,-43.2172
SENHORA DE OLIVEIRA,MG,3166006,-20.7972,-43.3394
SENHORA DO PORTO,MG,3166105,-18.8909,-43.0799
SENHORA DOS REMEDIOS,MG,3166204,-21.0351,-43.5812
SERICITA,MG,3166303,-20.4748,-42.4828
SERITINGA,MG,3166402,-21.9134,-44.518
SERRA AZUL DE MINAS,MG,3166501,-18.3602,-43.1675
SERRA DA SAUDADE,MG,3166600,-19.4447,-45.795
SERRA DO SALITRE,MG,3166808,-19.1083,-46.6961
SERRA DOS AIMORES,MG,3166709,-17.7872,-40.2453
SERRANIA,MG,3166907,-21.5441,-46.0417
SERRANOPOLIS DE MINAS,MG,3166956,-15.8176,-42.8732
SERRANOS,MG,3167004,-21.8857,-44.5125
SERRO,MG,3167103,-18.5991,-43.3744
SETE LAGOAS,MG,3167202,-19.4569,-44.2413
SETUBINHA,MG,3165552,-17.6002,-42.1587
SILVEIRANIA,MG,3167301,-21.1615,-43.2128
SILVIANOPOLIS,MG,3167400,-22.0274,-45.8385
SIMAO PEREIRA,MG,3167509,-21.964,-43.3088
SIMONESIA,MG,3167608,-20.1341,-42.0091
SOBRALIA,MG,3167707,-19.2345,-42.0998
SOLEDADE DE MINAS,MG,3167806,-22.0554,-45.0464
TABULEIRO,MG,3167905,-21.3632,-43.2381
TAIOBEIRAS,MG,3168002,-15.8106,-42.2259
TAPARUBA,MG,3168051,-19.7621,-41.608
TAPIRA,MG,3168101,-19.9166,-46.8264
TAPIRAI,MG,3168200,-19.8936,-46.0221
TAQUARACU DE MINAS,MG,3168309,-19.6652,-43.6922
TARUMIRIM,MG,3168408,-19.2835,-42.0097
TEIXEIRAS,MG,3168507,-20.6561,-42.8564
TEOFILO OTONI,MG,3168606,-17.8595,-41.5087
TIMOTEO,MG,3168705,-19.5811,-42.6471
TIRADENTES,MG,3168804,-21.1102,-44.1744
TIROS,MG,3168903,-19.0037,-45.9626
TOCANTINS,MG,3169000,-21.1774,-43.0127
TOCOS DO MOJI,MG,3169059,-22.3698,-46.0971
TOLEDO,MG,3169109,-22.7421,-46.3728
TOMBOS,MG,3169208,-20.9086,-42.0228
TRES CORACOES,MG,3169307,-21.6921,-45.2511
TRES MARIAS,MG,3169356,-18.2048,-45.2473
TRES PONTAS,MG,3169406,-21.3694,-45.5109
TUMIRITINGA,MG,3169505,-18.9844,-41.6527
TUPACIGUARA,MG,3169604,-18.5866,-48.6985
TURMALINA,MG,3169703,-17.2828,-42.7285
TURVOLANDIA,MG,3169802,-21.8733,-45.7859
UBA,MG,3169901,-21.1204,-42.9359
UBAI,MG,3170008,-16.2885,-44.7783
UBAPORANGA,MG,3170057,-19.6351,-42.1059
UBERABA,MG,3170107,-19.7472,-47.9381
UBERLANDIA,MG,3170206,-18.9141,-48.2749
UMBURATIBA,MG,3170305,-17.2548,-40.5779
UNAI,MG,3170404,-16.3592,-46.9022
UNIAO DE MINAS,MG,3170438,-19.5299,-50.338
URUANA DE MINAS,MG,3170479,-16.0634,-46.2443
URUCANIA,MG,3170503,-20.3521,-42.737
URUCUIA,MG,3170529,-16.1244,-45.7352
VARGEM ALEGRE,MG,3170578,-19.5988,-42.2949
VARGEM BONITA,MG,3170602,-20.3333,-46.3688
VARGEM GRANDE DO RIO PARDO,MG,3170651,-15.3987,-42.3085
VARGINHA,MG,3170701,-21.5556,-45.4364
VARJAO DE MINAS,MG,3170750,-18.3741,-46.0313
VARZEA DA PALMA,MG,3170800,-17.5944,-44.7226
VARZELANDIA,MG,3170909,-15.6992,-44.0278
VAZANTE,MG,3171006,-17.9827,-46.9088
VERDELANDIA,MG,3171030,-15.5845,-43.6121
VEREDINHA,MG,3171071,-17.3974,-42.7307
VERISSIMO,MG,3171105,-19.6657,-48.3118
VERMELHO NOVO,MG,3171154,-20.0406,-42.2688
VESPASIANO,MG,3171204,-19.6883,-43.9239
VICOSA,MG,3171303,-20.7559,-42.8742
VIEIRAS,MG,3171402,-20.867,-42.2401
VIRGEM DA LAPA,MG,3171600,-16.807,-42.3431
VIRGINIA,MG,3171709,-22.3264,-45.0965
VIRGINOPOLIS,MG,3171808,-18.8154,-42.7015
VIRGOLANDIA,MG,3171907,-18.4738,-42.3067
VISCONDE DO RIO BRANCO,MG,3172004,-21.0127,-42.8361
VOLTA GRANDE,MG,3172103,-21.7671,-42.5375
WENCESLAU BRAZ,MG,3172202,-22.5368,-45.3626
AGUA CLARA,MS,5000203,-20.4452,-52.879
ALCINOPOLIS,MS,5000252,-18.3255,-53.7042
AMAMBAI,MS,5000609,-23.1058,-55.2253
ANASTACIO,MS,5000708,-20.4823,-55.8104
ANAURILANDIA,MS,5000807,-22.1852,-52.7191
ANGELICA,MS,5000856,-22.1527,-53.7708
ANTONIO JOAO,MS,5000906,-22.1927,-55.9517
APARECIDA DO TABOADO,MS,5001003,-20.0873,-51.0961
AQUIDAUANA,MS,5001102,-20.4666,-55.7868
ARAL MOREIRA,MS,5001243,-22.9385,-55.6334
BANDEIRANTES,MS,5001508,-19.9275,-54.3585
BATAGUASSU,MS,5001904,-21.7159,-52.4221
BATAYPORA,MS,5002001,-22.2944,-53.2705
BELA VISTA,MS,5002100,-22.1073,-56.5263
BODOQUENA,MS,5002159,-20.537,-56.7127
BONITO,MS,5002209,-21.1261,-56.4836
BRASILANDIA,MS,5002308,-21.2544,-52.0365
CAARAPO,MS,5002407,-22.6368,-54.8209
CAMAPUA,MS,5002605,-19.5347,-54.0431
CAMPO GRANDE,MS,5002704,-20.4486,-54.6295
CARACOL,MS,5002803,-22.011,-57.0277
CASSILANDIA,MS,5002902,-19.1179,-51.7313
CHAPADAO DO SUL,MS,5002951,-18.788,-52.6263
CORGUINHO,MS,5003108,-19.8243,-54.8281
CORONEL SAPUCAIA,MS,5003157,-23.2724,-55.5278
CORUMBA,MS,5003207,-19.0077,-57.651
COSTA RICA,MS,5003256,-18.5432,-53.1287
COXIM,MS,5003306,-18.5013,-54.751
DEODAPOLIS,MS,5003454,-22.2763,-54.1682
DOIS IRMAOS DO BURITI,MS,5003488,-20.6848,-55.2915
DOURADINA,MS,5003504,-22.0405,-54.6158
DOURADOS,MS,5003702,-22.2231,-54.812
ELDORADO,MS,5003751,-23.7868,-54.2838
FATIMA DO SUL,MS,5003801,-22.3789,-54.5131
FIGUEIRAO,MS,5003900,-18.6782,-53.638
GLORIA DE DOURADOS,MS,5004007,-22.4136,-54.2335
GUIA LOPES DA LAGUNA,MS,5004106,-21.4583,-56.1117
IGUATEMI,MS,5004304,-23.6736,-54.5637
INOCENCIA,MS,5004403,-19.7277,-51.9281
ITAPORA,MS,5004502,-22.08,-54.7934
ITAQUIRAI,MS,5004601,-23.4779,-54.187
IVINHEMA,MS,5004700,-22.3046,-53.8184
JAPORA,MS,5004809,-23.8903,-54.4059
JARAGUARI,MS,5004908,-20.1386,-54.3996
JARDIM,MS,5005004,-21.4799,-56.1489
JATEI,MS,5005103,-22.4806,-54.3079
JUTI,MS,5005152,-22.8596,-54.6061
LADARIO,MS,5005202,-19.0089,-57.5973
LAGUNA CARAPA,MS,5005251,-22.5448,-55.1502
MARACAJU,MS,5005400,-21.6105,-55.1678
MIRANDA,MS,5005608,-20.2355,-56.3746
MUNDO NOVO,MS,5005681,-23.9355,-54.281
NAVIRAI,MS,5005707,-23.0618,-54.1995
NIOAQUE,MS,5005806,-21.1419,-55.8296
NOVA ALVORADA DO SUL,MS,5006002,-21.4657,-54.3825
NOVA ANDRADINA,MS,5006200,-22.238,-53.3437
NOVO HORIZONTE DO SUL,MS,5006259,-22.6693,-53.8601
PARAISO DAS AGUAS,MS,5006275,-19.0216,-53.0116
PARANAIBA,MS,5006309,-19.6746,-51.1909
PARANHOS,MS,5006358,-23.8911,-55.429
PEDRO GOMES,MS,5006408,-18.0996,-54.5507
PONTA PORA,MS,5006606,-22.5296,-55.7203
PORTO MURTINHO,MS,5006903,-21.6981,-57.8836
RIBAS DO RIO PARDO,MS,5007109,-20.4445,-53.7588
RIO BRILHANTE,MS,5007208,-21.8033,-54.5427
RIO NEGRO,MS,5007307,-19.447,-54.9859
RIO VERDE DE MATO GROSSO,MS,5007406,-18.9249,-54.8434
ROCHEDO,MS,5007505,-19.9565,-54.8848
SANTA RITA DO PARDO,MS,5007554,-21.3016,-52.8333
SAO GABRIEL DO OESTE,MS,5007695,-19.3889,-54.5507
SELVIRIA,MS,5007802,-20.3637,-51.4192
SETE QUEDAS,MS,5007703,-23.9705,-55.0398
SIDROLANDIA,MS,5007901,-20.9302,-54.9692
SONORA,MS,5007935,-17.5698,-54.7551
TACURU,MS,5007950,-23.636,-55.0141
TAQUARUSSU,MS,5007976,-22.4898,-53.3519
TERENOS,MS,5008008,-20.4378,-54.8647
TRES LAGOAS,MS,5008305,-20.7849,-51.7007
VICENTINA,MS,5008404,-22.4098,-54.4415
ACORIZAL,MT,5100102,-15.194,-56.3632
AGUA BOA,MT,5100201,-14.051,-52.1601
ALTA FLORESTA,MT,5100250,-9.86674,-56.0867
ALTO ARAGUAIA,MT,5100300,-17.3153,-53.2181
ALTO BOA VISTA,MT,5100359,-11.6732,-51.3883
ALTO GARCAS,MT,5100409,-16.9462,-53.5272
ALTO PARAGUAI,MT,5100508,-14.5137,-56.4776
ALTO TAQUARI,MT,5100607,-17.8241,-53.2792
APIACAS,MT,5100805,-9.53981,-57.4587
ARAGUAIANA,MT,5101001,-15.7291,-51.8341
ARAGUAINHA,MT,5101209,-16.857,-53.0318
ARAPUTANGA,MT,5101258,-15.4641,-58.3425
ARENAPOLIS,MT,5101308,-14.4472,-56.8437
ARIPUANA,MT,5101407,-10.1723,-59.4568
BARAO DE MELGACO,MT,5101605,-16.2067,-55.9623
BARRA DO BUGRES,MT,5101704,-15.0702,-57.1878
BARRA DO GARCAS,MT,5101803,-15.8804,-52.264
BOM JESUS DO ARAGUAIA,MT,5101852,-12.1706,-51.5032
BRASNORTE,MT,5101902,-12.1474,-57.9833
CACERES,MT,5102504,-16.0764,-57.6818
CAMPINAPOLIS,MT,5102603,-14.5162,-52.893
CAMPO NOVO DO PARECIS,MT,5102637,-13.6587,-57.8907
CAMPO VERDE,MT,5102678,-15.545,-55.1626
CAMPOS DE JULIO,MT,5102686,-13.7242,-59.2858
CANABRAVA DO NORTE,MT,5102694,-11.0556,-51.8209
CANARANA,MT,5102702,-13.5515,-52.2705
CARLINDA,MT,5102793,-9.94912,-55.8417
CASTANHEIRA,MT,5102850,-11.1251,-58.6081
CHAPADA DOS GUIMARAES,MT,5103007,-15.4643,-55.7499
CLAUDIA,MT,5103056,-11.5075,-54.8835
COCALINHO,MT,5103106,-14.3903,-51.0001
COLIDER,MT,5103205,-10.8135,-55.461
COLNIZA,MT,5103254,-9.46121,-59.2252
COMODORO,MT,5103304,-13.6614,-59.7848
CONFRESA,MT,5103353,-10.6437,-51.5699
CONQUISTA D`OESTE,MT,5103361,-14.5381,-59.5444
COTRIGUACU,MT,5103379,-9.85656,-58.4192
CUIABA,MT,5103403,-15.601,-56.0974
CURVELANDIA,MT,5103437,-15.6084,-57.9133
DENISE,MT,5103452,-14.7324,-57.0583
DIAMANTINO,MT,5103502,-14.4037,-56.4366
DOM AQUINO,MT,5103601,-15.8099,-54.9223
FELIZ NATAL,MT,5103700,-12.385,-54.9227
FIGUEIROPOLIS D`OESTE,MT,5103809,-15.4439,-58.7391
GAUCHA DO NORTE,MT,5103858,-13.2443,-53.0809
GENERAL CARNEIRO,MT,5103908,-15.7094,-52.7574
GLORIA D`OESTE,MT,5103957,-15.768,-58.3108
GUARANTA DO NORTE,MT,5104104,-9.96218,-54.9121
GUIRATINGA,MT,5104203,-16.346,-53.7575
INDIAVAI,MT,5104500,-15.4921,-58.5802
IPIRANGA DO NORTE,MT,5104526,-12.2408,-56.1531
ITANHANGA,MT,5104542,-12.2259,-56.6463
ITAUBA,MT,5104559,-11.0614,-55.2766
ITIQUIRA,MT,5104609,-17.2147,-54.1422
JACIARA,MT,5104807,-15.9548,-54.9733
JANGADA,MT,5104906,-15.235,-56.4917
JAURU,MT,5105002,-15.3342,-58.8723
JUARA,MT,5105101,-11.2639,-57.5244
JUINA,MT,5105150,-11.3728,-58.7483
JURUENA,MT,5105176,-10.3178,-58.3592
JUSCIMEIRA,MT,5105200,-16.0633,-54.8859
LAMBARI D`OESTE,MT,5105234,-15.3188,-58.0046
LUCAS DO RIO VERDE,MT,5105259,-13.0588,-55.9042
LUCIARA,MT,5105309,-11.2219,-50.6676
MARCELANDIA,MT,5105580,-11.0463,-54.4377
MATUPA,MT,5105606,-10.1821,-54.9467
MIRASSOL D`OESTE,MT,5105622,-15.6759,-58.0951
NOBRES,MT,5105903,-14.7192,-56.3284
NORTELANDIA,MT,5106000,-14.454,-56.7945
NOSSA SENHORA DO LIVRAMENTO,MT,5106109,-15.772,-56.3432
NOVA BANDEIRANTES,MT,5106158,-9.84977,-57.8139
NOVA BRASILANDIA,MT,5106208,-14.9612,-54.9685
NOVA CANAA DO NORTE,MT,5106216,-10.558,-55.953
NOVA GUARITA,MT,5108808,-10.312,-55.4061
NOVA LACERDA,MT,5106182,-14.4727,-59.6001
NOVA MARILANDIA,MT,5108857,-14.3568,-56.9696
NOVA MARINGA,MT,5108907,-13.0136,-57.0908
NOVA MONTE VERDE,MT,5108956,-9.99998,-57.5261
NOVA MUTUM,MT,5106224,-13.8374,-56.0743
NOVA NAZARE,MT,5106174,-13.9486,-51.8002
NOVA OLIMPIA,MT,5106232,-14.7889,-57.2886
NOVA SANTA HELENA,MT,5106190,-10.8651,-55.1872
NOVA UBIRATA,MT,5106240,-12.9834,-55.2556
NOVA XAVANTINA,MT,5106257,-14.6771,-52.3502
NOVO HORIZONTE DO NORTE,MT,5106273,-11.4089,-57.3488
NOVO MUNDO,MT,5106265,-9.95616,-55.2029
NOVO SANTO ANTONIO,MT,5106315,-12.2875,-50.9686
NOVO SAO JOAQUIM,MT,5106281,-14.9054,-53.0194
PARANAITA,MT,5106299,-9.65835,-56.4786
PARANATINGA,MT,5106307,-14.4265,-54.0524
PEDRA PRETA,MT,5106372,-16.6245,-54.4722
PEIXOTO DE AZEVEDO,MT,5106422,-10.2262,-54.9794
PLANALTO DA SERRA,MT,5106455,-14.6518,-54.7819
POCONE,MT,5106505,-16.266,-56.6261
PONTAL DO ARAGUAIA,MT,5106653,-15.9274,-52.3273
PONTE BRANCA,MT,5106703,-16.7584,-52.8369
PONTES E LACERDA,MT,5106752,-15.2219,-59.3435
PORTO ALEGRE DO NORTE,MT,5106778,-10.8761,-51.6357
PORTO DOS GAUCHOS,MT,5106802,-11.533,-57.4132
PORTO ESPERIDIAO,MT,5106828,-15.857,-58.4619
PORTO ESTRELA,MT,5106851,-15.3235,-57.2204
POXOREU,MT,5107008,-15.8299,-54.4208
PRIMAVERA DO LESTE,MT,5107040,-15.544,-54.2811
QUERENCIA,MT,5107065,-12.6093,-52.1821
RESERVA DO CABACAL,MT,5107156,-15.0743,-58.4585
RIBEIRAO CASCALHEIRA,MT,5107180,-12.9367,-51.8244
RIBEIRAOZINHO,MT,5107198,-16.4856,-52.6924
RIO BRANCO,MT,5107206,-15.2483,-58.1259
RONDOLANDIA,MT,5107578,-10.8376,-61.4697
RONDONOPOLIS,MT,5107602,-16.4673,-54.6372
ROSARIO OESTE,MT,5107701,-14.8259,-56.4236
SALTO DO CEU,MT,5107750,-15.1303,-58.1317
SANTA CARMEM,MT,5107248,-11.9125,-55.2263
SANTA CRUZ DO XINGU,MT,5107743,-10.1532,-52.3953
SANTA RITA DO TRIVELATO,MT,5107768,-13.8146,-55.2706
SANTA TEREZINHA,MT,5107776,-10.4704,-50.514
SANTO AFONSO,MT,5107263,-14.4945,-57.0091
SANTO ANTONIO DO LESTE,MT,5107792,-14.805,-53.6075
SANTO ANTONIO DO LEVERGER,MT,5107800,-15.8632,-56.0788
SAO FELIX DO ARAGUAIA,MT,5107859,-11.615,-50.6706
SAO JOSE DO POVO,MT,5107297,-16.4549,-54.2487
SAO JOSE DO RIO CLARO,MT,5107305,-13.4398,-56.7218
SAO JOSE DO XINGU,MT,5107354,-10.7982,-52.7486
SAO JOSE DOS QUATRO MARCOS,MT,5107107,-15.6276,-58.1772
SAO PEDRO DA CIPA,MT,5107404,-16.0109,-54.9176
SAPEZAL,MT,5107875,-12.9892,-58.7645
SERRA NOVA DOURADA,MT,5107883,-12.0896,-51.4025
SINOP,MT,5107909,-11.8604,-55.5091
SORRISO,MT,5107925,-12.5425,-55.7211
TABAPORA,MT,5107941,-11.3007,-56.8312
TANGARA DA SERRA,MT,5107958,-14.6229,-57.4933
TAPURAH,MT,5108006,-12.695,-56.5178
TERRA NOVA DO NORTE,MT,5108055,-10.517,-55.231
TESOURO,MT,5108105,-16.0809,-53.559
TORIXOREU,MT,5108204,-16.2006,-52.5571
UNIAO DO SUL,MT,5108303,-11.5308,-54.3616
VALE DE SAO DOMINGOS,MT,5108352,-15.286,-59.0683
VARZEA GRANDE,MT,5108402,-15.6458,-56.1322
VERA,MT,5108501,-12.3017,-55.3045
VILA BELA DA SANTISSIMA TRINDADE,MT,5105507,-15.0068,-59.9504
VILA RICA,MT,5108600,-10.0137,-51.1186
ABAETETUBA,PA,1500107,-1.72183,-48.8788
ABEL FIGUEIREDO,PA,1500131,-4.95333,-48.3933
ACARA,PA,1500206,-1.95383,-48.1985
AFUA,PA,1500305,-0.154874,-50.3861
AGUA AZUL DO NORTE,PA,1500347,-6.79053,-50.4791
ALENQUER,PA,1500404,-1.94623,-54.7384
ALMEIRIM,PA,1500503,-1.52904,-52.5788
ALTAMIRA,PA,1500602,-3.20407,-52.21
ANAJAS,PA,1500701,-0.996811,-49.9354
ANANINDEUA,PA,1500800,-1.36391,-48.3743
ANAPU,PA,1500859,-3.46985,-51.2003
AUGUSTO CORREA,PA,1500909,-1.05109,-46.6147
AURORA DO PARA,PA,1500958,-2.14898,-47.5677
AVEIRO,PA,1501006,-3.60841,-55.3199
BAGRE,PA,1501105,-1.90057,-50.1987
BAIAO,PA,1501204,-2.79021,-49.6694
BANNACH,PA,1501253,-7.34779,-50.3959
BARCARENA,PA,1501303,-1.51187,-48.6195
BELEM,PA,1501402,-1.4554,-48.4898
BELTERRA,PA,1501451,-2.63609,-54.9374
BENEVIDES,PA,1501501,-1.36183,-48.2434
BOM JESUS DO TOCANTINS,PA,1501576,-5.0424,-48.6047
BONITO,PA,1501600,-1.36745,-47.3066
BRAGANCA,PA,1501709,-1.06126,-46.7826
BRASIL NOVO,PA,1501725,-3.29792,-52.534
BREJO GRANDE DO ARAGUAIA,PA,1501758,-5.69822,-48.4103
BREU BRANCO,PA,1501782,-3.77191,-49.5735
BREVES,PA,1501808,-1.68036,-50.4791
BUJARU,PA,1501907,-1.51762,-48.0381
CACHOEIRA DO ARARI,PA,1502004,-1.01226,-48.9503
CACHOEIRA DO PIRIA,PA,1501956,-1.75974,-46.5459
CAMETA,PA,1502103,-2.24295,-49.4979
CANAA DOS CARAJAS,PA,1502152,-6.49659,-49.8776
CAPANEMA,PA,1502202,-1.20529,-47.1778
CAPITAO POCO,PA,1502301,-1.74785,-47.0629
CASTANHAL,PA,1502400,-1.29797,-47.9167
CHAVES,PA,1502509,-0.164154,-49.987
COLARES,PA,1502608,-0.936423,-48.2803
CONCEICAO DO ARAGUAIA,PA,1502707,-8.26136,-49.2689
CONCORDIA DO PARA,PA,1502756,-1.99238,-47.9422
CUMARU DO NORTE,PA,1502764,-7.81097,-50.7698
CURIONOPOLIS,PA,1502772,-6.09965,-49.6068
CURRALINHO,PA,1502806,-1.81179,-49.7952
CURUA,PA,1502855,-1.88775,-55.1168
CURUCA,PA,1502905,-0.733214,-47.8515
DOM ELISEU,PA,1502939,-4.19944,-47.8245
ELDORADO DO CARAJAS,PA,1502954,-6.10389,-49.3553
FARO,PA,1503002,-2.16805,-56.7405
FLORESTA DO ARAGUAIA,PA,1503044,-7.55335,-49.7125
GARRAFAO DO NORTE,PA,1503077,-1.92986,-47.0505
GOIANESIA DO PARA,PA,1503093,-3.84338,-49.0974
GURUPA,PA,1503101,-1.41412,-51.6338
IGARAPE-ACU,PA,1503200,-1.12539,-47.626
IGARAPE-MIRI,PA,1503309,-1.97533,-48.9575
INHANGAPI,PA,1503408,-1.4349,-47.9114
IPIXUNA DO PARA,PA,1503457,-2.55992,-47.5059
IRITUIA,PA,1503507,-1.76984,-47.446
ITAITUBA,PA,1503606,-4.2667,-55.9926
ITUPIRANGA,PA,1503705,-5.13272,-49.3358
JACAREACANGA,PA,1503754,-6.21469,-57.7544
JACUNDA,PA,1503804,-4.44617,-49.1153
JURUTI,PA,1503903,-2.16347,-56.0889
LIMOEIRO DO AJURU,PA,1504000,-1.8985,-49.3903
MAE DO RIO,PA,1504059,-2.05683,-47.5601
MAGALHAES BARATA,PA,1504109,-0.803391,-47.6014
MARABA,PA,1504208,-5.38075,-49.1327
MARACANA,PA,1504307,-0.778899,-47.452
MARAPANIM,PA,1504406,-0.714702,-47.7034
MARITUBA,PA,1504422,-1.36002,-48.3421
MEDICILANDIA,PA,1504455,-3.44637,-52.8875
MELGACO,PA,1504505,-1.8032,-50.7149
MOCAJUBA,PA,1504604,-2.5831,-49.5042
MOJU,PA,1504703,-1.88993,-48.7668
MOJUI DOS CAMPOS,PA,1504752,-2.6822,-54.6425
MONTE ALEGRE,PA,1504802,-1.99768,-54.0724
MUANA,PA,1504901,-1.53936,-49.2224
NOVA ESPERANCA DO PIRIA,PA,1504950,-2.26693,-46.9731
NOVA IPIXUNA,PA,1504976,-4.91622,-49.0822
NOVA TIMBOTEUA,PA,1505007,-1.20874,-47.3921
NOVO PROGRESSO,PA,1505031,-7.14347,-55.3786
NOVO REPARTIMENTO,PA,1505064,-4.24749,-49.9499
OBIDOS,PA,1505106,-1.90107,-55.5208
OEIRAS DO PARA,PA,1505205,-2.00358,-49.8628
ORIXIMINA,PA,1505304,-1.75989,-55.8579
OUREM,PA,1505403,-1.54168,-47.1126
OURILANDIA DO NORTE,PA,1505437,-6.7529,-51.0858
PACAJA,PA,1505486,-3.83542,-50.6399
PALESTINA DO PARA,PA,1505494,-5.74027,-48.3181
PARAGOMINAS,PA,1505502,-3.00212,-47.3527
PARAUAPEBAS,PA,1505536,-6.06781,-49.9037
PAU D`ARCO,PA,1505551,-1.59772,-46.9268
PEIXE-BOI,PA,1505601,-1.19382,-47.324
PICARRA,PA,1505635,-6.43778,-48.8716
PLACAS,PA,1505650,-3.86813,-54.2124
PONTA DE PEDRAS,PA,1505700,-1.39587,-48.8661
PORTEL,PA,1505809,-1.93639,-50.8194
PORTO DE MOZ,PA,1505908,-1.74691,-52.2361
PRAINHA,PA,1506005,-1.798,-53.4779
PRIMAVERA,PA,1506104,-0.945439,-47.1253
QUATIPURU,PA,1506112,-0.899604,-47.0134
REDENCAO,PA,1506138,-8.02529,-50.0317
RIO MARIA,PA,1506161,-7.31236,-50.0379
RONDON DO PARA,PA,1506187,-4.77793,-48.067
RUROPOLIS,PA,1506195,-4.10028,-54.9092
SALINOPOLIS,PA,1506203,-0.630815,-47.3465
SALVATERRA,PA,1506302,-0.758444,-48.5139
SANTA BARBARA DO PARA,PA,1506351,-1.19219,-48.238
SANTA CRUZ DO ARARI,PA,1506401,-0.661019,-49.1771
SANTA IZABEL DO PARA,PA,1506500,-1.29686,-48.1606
SANTA LUZIA DO PARA,PA,1506559,-1.52147,-46.9008
SANTA MARIA DAS BARREIRAS,PA,1506583,-8.85784,-49.7215
SANTA MARIA DO PARA,PA,1506609,-1.35392,-47.5712
SANTANA DO ARAGUAIA,PA,1506708,-9.3281,-50.35
SANTAREM,PA,1506807,-2.43849,-54.6996
SANTAREM NOVO,PA,1506906,-0.93097,-47.3855
SANTO ANTONIO DO TAUA,PA,1507003,-1.1522,-48.1314
SAO CAETANO DE ODIVELAS,PA,1507102,-0.747293,-48.0246
SAO DOMINGOS DO ARAGUAIA,PA,1507151,-5.53732,-48.7366
SAO DOMINGOS DO CAPIM,PA,1507201,-1.68768,-47.7665
SAO FELIX DO XINGU,PA,1507300,-6.64254,-51.9904
SAO FRANCISCO DO PARA,PA,1507409,-1.16963,-47.7917
SAO GERALDO DO ARAGUAIA,PA,1507458,-6.39471,-48.5592
SAO JOAO DA PONTA,PA,1507466,-0.857885,-47.918
SAO JOAO DE PIRABAS,PA,1507474,-0.780222,-47.181
SAO JOAO DO ARAGUAIA,PA,1507508,-5.36334,-48.7926
SAO MIGUEL DO GUAMA,PA,1507607,-1.61307,-47.4784
SAO SEBASTIAO DA BOA VISTA,PA,1507706,-1.71597,-49.5249
SAPUCAIA,PA,1507755,-6.94018,-49.6834
SENADOR JOSE PORFIRIO,PA,1507805,-4.31242,-51.5764
SOURE,PA,1507904,-0.73032,-48.5015
TAILANDIA,PA,1507953,-2.94584,-48.9489
TERRA ALTA,PA,1507961,-1.02963,-47.9004
TERRA SANTA,PA,1507979,-2.10443,-56.4877
TOME-ACU,PA,1508001,-2.41302,-48.1415
TRACUATEUA,PA,1508035,-1.07653,-46.9031
TRAIRAO,PA,1508050,-4.57347,-55.9429
TUCUMA,PA,1508084,-6.74687,-51.1626
TUCURUI,PA,1508100,-3.7657,-49.6773
ULIANOPOLIS,PA,1508126,-3.75007,-47.4892
URUARA,PA,1508159,-3.71519,-53.7396
VIGIA,PA,1508209,-0.861194,-48.1386
VISEU,PA,1508308,-1.19124,-46.1399
VITORIA DO XINGU,PA,1508357,-2.87922,-52.0088
XINGUARA,PA,1508407,-7.0983,-49.9437
AGUA BRANCA,PB,2500106,-7.51144,-37.6357
AGUIAR,PB,2500205,-7.0918,-38.1681
ALAGOA GRANDE,PB,2500304,-7.03943,-35.6206
ALAGOA NOVA,PB,2500403,-7.05377,-35.7591
ALAGOINHA,PB,2500502,-6.94657,-35.5332
ALCANTIL,PB,2500536,-7.73668,-36.0511
ALGODAO DE JANDAIRA,PB,2500577,-6.89292,-36.0129
ALHANDRA,PB,2500601,-7.42977,-34.9057
AMPARO,PB,2500734,-7.55502,-37.0628
APARECIDA,PB,2500775,-6.78466,-38.0803
ARACAGI,PB,2500809,-6.84374,-35.3737
ARARA,PB,2500908,-6.82813,-35.7552
ARARUNA,PB,2501005,-6.54848,-35.7498
AREIA,PB,2501104,-6.96396,-35.6977
AREIA DE BARAUNAS,PB,2501153,-7.11702,-36.9404
AREIAL,PB,2501203,-7.04789,-35.9313
AROEIRAS,PB,2501302,-7.54473,-35.7066
ASSUNCAO,PB,2501351,-7.07231,-36.725
BAIA DA TRAICAO,PB,2501401,-6.69209,-34.9381
BANANEIRAS,PB,2501500,-6.74775,-35.6246
BARAUNA,PB,2501534,-6.63484,-36.2601
BARRA DE SANTA ROSA,PB,2501609,-6.71816,-36.0671
BARRA DE SANTANA,PB,2501575,-7.51809,-35.9913
BARRA DE SAO MIGUEL,PB,2501708,-7.74603,-36.3209
BAYEUX,PB,2501807,-7.1238,-34.9293
BELEM,PB,2501906,-6.74261,-35.5166
BELEM DO BREJO DO CRUZ,PB,2502003,-6.18515,-37.5348
BERNARDINO BATISTA,PB,2502052,-6.44572,-38.5521
BOA VENTURA,PB,2502102,-7.40982,-38.2113
BOA VISTA,PB,2502151,-7.26365,-36.2357
BOM JESUS,PB,2502201,-6.81601,-38.6453
BOM SUCESSO,PB,2502300,-6.44176,-37.9234
BONITO DE SANTA FE,PB,2502409,-7.31341,-38.5133
BOQUEIRAO,PB,2502508,-7.487,-36.1309
BORBOREMA,PB,2502706,-6.80199,-35.6187
BREJO DO CRUZ,PB,2502805,-6.34185,-37.4943
BREJO DOS SANTOS,PB,2502904,-6.37065,-37.8253
CAAPORA,PB,2503001,-7.51351,-34.9055
CABACEIRAS,PB,2503100,-7.48899,-36.287
CABEDELO,PB,2503209,-6.98731,-34.8284
CACHOEIRA DOS INDIOS,PB,2503308,-6.91353,-38.676
CACIMBA DE AREIA,PB,2503407,-7.12128,-37.1563
CACIMBA DE DENTRO,PB,2503506,-6.6386,-35.7778
CACIMBAS,PB,2503555,-7.20721,-37.0604
CAICARA,PB,2503605,-6.62115,-35.4581
CAJAZEIRAS,PB,2503704,-6.88004,-38.5577
CAJAZEIRINHAS,PB,2503753,-6.96016,-37.8009
CALDAS BRANDAO,PB,2503803,-7.1025,-35.3272
CAMALAU,PB,2503902,-7.88503,-36.8242
CAMPINA GRANDE,PB,2504009,-7.22196,-35.8731
CAPIM,PB,2504033,-6.91624,-35.1673
CARAUBAS,PB,2504074,-7.72049,-36.492
CARRAPATEIRA,PB,2504108,-7.03414,-38.3399
CASSERENGUE,PB,2504157,-6.77954,-35.8179
CATINGUEIRA,PB,2504207,-7.12008,-37.6064
CATOLE DO ROCHA,PB,2504306,-6.34062,-37.747
CATURITE,PB,2504355,-7.41659,-36.0306
CONCEICAO,PB,2504405,-7.55106,-38.5014
CONDADO,PB,2504504,-6.89831,-37.606
CONDE,PB,2504603,-7.25746,-34.8999
CONGO,PB,2504702,-7.79078,-36.6581
COREMAS,PB,2504801,-7.00712,-37.9346
COXIXOLA,PB,2504850,-7.62365,-36.6064
CRUZ DO ESPIRITO SANTO,PB,2504900,-7.13902,-35.0857
CUBATI,PB,2505006,-6.86686,-36.3619
CUITE,PB,2505105,-6.47647,-36.1515
CUITE DE MAMANGUAPE,PB,2505238,-6.91292,-35.2502
CUITEGI,PB,2505204,-6.89058,-35.5215
CURRAL DE CIMA,PB,2505279,-6.72325,-35.2639
CURRAL VELHO,PB,2505303,-7.53075,-38.1962
DAMIAO,PB,2505352,-6.63161,-35.9101
DESTERRO,PB,2505402,-7.287,-37.0925
DIAMANTE,PB,2505600,-7.41738,-38.2615
DONA INES,PB,2505709,-6.61566,-35.6205
DUAS ESTRADAS,PB,2505808,-6.68499,-35.418
EMAS,PB,2505907,-7.09964,-37.7163
ESPERANCA,PB,2506004,-7.02278,-35.8597
FAGUNDES,PB,2506103,-7.34454,-35.7931
FREI MARTINHO,PB,2506202,-6.39759,-36.4526
GADO BRAVO,PB,2506251,-7.58279,-35.7899
GUARABIRA,PB,2506301,-6.85064,-35.485
GURINHEM,PB,2506400,-7.1233,-35.4222
GURJAO,PB,2506509,-7.24833,-36.4923
IBIARA,PB,2506608,-7.47957,-38.4059
IGARACY,PB,2502607,-7.17184,-38.1478
IMACULADA,PB,2506707,-7.3889,-37.5079
INGA,PB,2506806,-7.28144,-35.605
ITABAIANA,PB,2506905,-7.33167,-35.3317
ITAPORANGA,PB,2507002,-7.30202,-38.1504
ITAPOROROCA,PB,2507101,-6.82374,-35.2406
ITATUBA,PB,2507200,-7.38115,-35.638
JACARAU,PB,2507309,-6.61453,-35.289
JERICO,PB,2507408,-6.54577,-37.8036
JOAO PESSOA,PB,2507507,-7.11509,-34.8641
JOCA CLAUDINO,PB,2513653,-6.48362,-38.4764
JUAREZ TAVORA,PB,2507606,-7.1713,-35.5686
JUAZEIRINHO,PB,2507705,-7.06092,-36.5793
JUNCO DO SERIDO,PB,2507804,-6.99269,-36.7166
JURIPIRANGA,PB,2507903,-7.36176,-35.2321
JURU,PB,2508000,-7.52983,-37.815
LAGOA,PB,2508109,-6.58572,-37.9127
LAGOA DE DENTRO,PB,2508208,-6.67213,-35.3706
LAGOA SECA,PB,2508307,-7.15535,-35.8491
LASTRO,PB,2508406,-6.50603,-38.1742
LIVRAMENTO,PB,2508505,-7.37113,-36.9491
LOGRADOURO,PB,2508554,-6.61191,-35.4384
LUCENA,PB,2508604,-6.90258,-34.8748
MAE D`AGUA,PB,2508703,-7.25201,-37.4322
MALTA,PB,2508802,-6.89719,-37.5221
MAMANGUAPE,PB,2508901,-6.8337,-35.1213
MANAIRA,PB,2509008,-7.70331,-38.1523
MARCACAO,PB,2509057,-6.76535,-35.0087
MARI,PB,2509107,-7.05942,-35.318
MARIZOPOLIS,PB,2509156,-6.82748,-38.3528
MASSARANDUBA,PB,2509206,-7.18995,-35.7848
MATARACA,PB,2509305,-6.59673,-35.0531
MATINHAS,PB,2509339,-7.12486,-35.7669
MATO GROSSO,PB,2509370,-6.54018,-37.7279
MATUREIA,PB,2509396,-7.26188,-37.351
MOGEIRO,PB,2509404,-7.28517,-35.4832
MONTADAS,PB,2509503,-7.08848,-35.9592
MONTE HOREBE,PB,2509602,-7.20402,-38.5838
MONTEIRO,PB,2509701,-7.88363,-37.1184
MULUNGU,PB,2509800,-7.02525,-35.46
NATUBA,PB,2509909,-7.63514,-35.5586
NAZAREZINHO,PB,2510006,-6.9114,-38.322
NOVA FLORESTA,PB,2510105,-6.45056,-36.2057
NOVA OLINDA,PB,2510204,-7.47232,-38.0382
NOVA PALMEIRA,PB,2510303,-6.67122,-36.422
OLHO D`AGUA,PB,2510402,-7.22118,-37.7406
OLIVEDOS,PB,2510501,-6.98434,-36.241
OURO VELHO,PB,2510600,-7.61604,-37.1519
PARARI,PB,2510659,-7.30975,-36.6522
PASSAGEM,PB,2510709,-7.13467,-37.0433
PATOS,PB,2510808,-7.01743,-37.2747
PAULISTA,PB,2510907,-6.59138,-37.6185
PEDRA BRANCA,PB,2511004,-7.42169,-38.0689
PEDRA LAVRADA,PB,2511103,-6.74997,-36.4758
PEDRAS DE FOGO,PB,2511202,-7.39107,-35.1065
PEDRO REGIS,PB,2512721,-6.63323,-35.2966
PIANCO,PB,2511301,-7.19282,-37.9289
PICUI,PB,2511400,-6.50845,-36.3497
PILAR,PB,2511509,-7.26403,-35.2523
PILOES,PB,2511608,-6.86827,-35.613
PILOEZINHOS,PB,2511707,-6.84277,-35.531
PIRPIRITUBA,PB,2511806,-6.77922,-35.4906
PITIMBU,PB,2511905,-7.4664,-34.8151
POCINHOS,PB,2512002,-7.06658,-36.0668
POCO DANTAS,PB,2512036,-6.39876,-38.4909
POCO DE JOSE DE MOURA,PB,2512077,-6.56401,-38.5111
POMBAL,PB,2512101,-6.76606,-37.8003
PRATA,PB,2512200,-7.68826,-37.0801
PRINCESA ISABEL,PB,2512309,-7.73175,-37.9886
PUXINANA,PB,2512408,-7.15479,-35.9543
QUEIMADAS,PB,2512507,-7.35029,-35.9031
QUIXABA,PB,2512606,-7.0224,-37.1458
REMIGIO,PB,2512705,-6.94992,-35.8011
RIACHAO,PB,2512747,-6.54269,-35.661
RIACHAO DO BACAMARTE,PB,2512754,-7.25347,-35.6693
RIACHAO DO POCO,PB,2512762,-7.14173,-35.2914
RIACHO DE SANTO ANTONIO,PB,2512788,-7.68023,-36.157
RIACHO DOS CAVALOS,PB,2512804,-6.44067,-37.6483
RIO TINTO,PB,2512903,-6.80383,-35.0776
SALGADINHO,PB,2513000,-7.10098,-36.8458
SALGADO DE SAO FELIX,PB,2513109,-7.35337,-35.4305
SANTA CECILIA,PB,2513158,-7.7389,-35.8764
SANTA CRUZ,PB,2513208,-6.5237,-38.0617
SANTA HELENA,PB,2513307,-6.7176,-38.6427
SANTA INES,PB,2513356,-7.621,-38.554
SANTA LUZIA,PB,2513406,-6.86092,-36.9178
SANTA RITA,PB,2513703,-7.11724,-34.9753
SANTA TERESINHA,PB,2513802,-7.07964,-37.4435
SANTANA DE MANGUEIRA,PB,2513505,-7.54705,-38.3236
SANTANA DOS GARROTES,PB,2513604,-7.38162,-37.9819
SANTO ANDRE,PB,2513851,-7.22016,-36.6213
SAO BENTINHO,PB,2513927,-6.88596,-37.7243
SAO BENTO,PB,2513901,-6.48529,-37.4488
SAO DOMINGOS,PB,2513968,-6.80313,-37.9488
SAO DOMINGOS DO CARIRI,PB,2513943,-7.63273,-36.4374
SAO FRANCISCO,PB,2513984,-6.60773,-38.0968
SAO JOAO DO CARIRI,PB,2514008,-7.38168,-36.5345
SAO JOAO DO RIO DO PEIXE,PB,2500700,-6.72195,-38.4468
SAO JOAO DO TIGRE,PB,2514107,-8.07703,-36.8547
SAO JOSE DA LAGOA TAPADA,PB,2514206,-6.93646,-38.1622
SAO JOSE DE CAIANA,PB,2514305,-7.24636,-38.2989
SAO JOSE DE ESPINHARAS,PB,2514404,-6.83974,-37.3214
SAO JOSE DE PIRANHAS,PB,2514503,-7.1187,-38.502
SAO JOSE DE PRINCESA,PB,2514552,-7.73633,-38.0894
SAO JOSE DO BONFIM,PB,2514602,-7.1607,-37.3036
SAO JOSE DO BREJO DO CRUZ,PB,2514651,-6.21054,-37.3601
SAO JOSE DO SABUGI,PB,2514701,-6.76295,-36.7972
SAO JOSE DOS CORDEIROS,PB,2514800,-7.38775,-36.8085
SAO JOSE DOS RAMOS,PB,2514453,-7.25238,-35.3725
SAO MAMEDE,PB,2514909,-6.92386,-37.0954
SAO MIGUEL DE TAIPU,PB,2515005,-7.24764,-35.2016
SAO SEBASTIAO DE LAGOA DE ROCA,PB,2515104,-7.11034,-35.8678
SAO SEBASTIAO DO UMBUZEIRO,PB,2515203,-8.15289,-37.0138
SAO VICENTE DO SERIDO,PB,2515401,-6.85426,-36.4122
SAPE,PB,2515302,-7.09359,-35.228
SERRA BRANCA,PB,2515500,-7.48034,-36.666
SERRA DA RAIZ,PB,2515609,-6.68527,-35.4379
SERRA GRANDE,PB,2515708,-7.20957,-38.3647
SERRA REDONDA,PB,2515807,-7.18622,-35.6842
SERRARIA,PB,2515906,-6.81569,-35.6282
SERTAOZINHO,PB,2515930,-6.75127,-35.4372
SOBRADO,PB,2515971,-7.14429,-35.2357
SOLANEA,PB,2516003,-6.75161,-35.6636
SOLEDADE,PB,2516102,-7.05829,-36.3668
SOSSEGO,PB,2516151,-6.77067,-36.2538
SOUSA,PB,2516201,-6.75148,-38.2311
SUME,PB,2516300,-7.66206,-36.884
TACIMA,PB,2516409,-6.48759,-35.6367
TAPEROA,PB,2516508,-7.20629,-36.8245
TAVARES,PB,2516607,-7.62697,-37.8712
TEIXEIRA,PB,2516706,-7.22104,-37.2525
TENORIO,PB,2516755,-6.93855,-36.6273
TRIUNFO,PB,2516805,-6.5713,-38.5986
UIRAUNA,PB,2516904,-6.51504,-38.4128
UMBUZEIRO,PB,2517001,-7.69199,-35.6582
VARZEA,PB,2517100,-6.76189,-36.9913
VIEIROPOLIS,PB,2517209,-6.50684,-38.2567
VISTA SERRANA,PB,2505501,-6.7303,-37.5704
ZABELE,PB,2517407,-8.07901,-37.1057
ABREU E LIMA,PE,2600054,-7.90072,-34.8984
AFOGADOS DA INGAZEIRA,PE,2600104,-7.74312,-37.631
AFRANIO,PE,2600203,-8.51136,-41.0095
AGRESTINA,PE,2600302,-8.45966,-35.9447
AGUA PRETA,PE,2600401,-8.70609,-35.5263
AGUAS BELAS,PE,2600500,-9.11125,-37.1226
ALAGOINHA,PE,2600609,-8.4665,-36.7788
ALIANCA,PE,2600708,-7.60398,-35.2227
ALTINHO,PE,2600807,-8.48482,-36.0644
AMARAJI,PE,2600906,-8.37691,-35.4501
ANGELIM,PE,2601003,-8.88429,-36.2902
ARACOIABA,PE,2601052,-7.78391,-35.0809
ARARIPINA,PE,2601102,-7.57073,-40.494
ARCOVERDE,PE,2601201,-8.41519,-37.0577
BARRA DE GUABIRABA,PE,2601300,-8.42075,-35.6585
BARREIROS,PE,2601409,-8.81605,-35.1832
BELEM DE MARIA,PE,2601508,-8.62504,-35.8335
BELEM DO SAO FRANCISCO,PE,2601607,-8.75046,-38.9623
BELO JARDIM,PE,2601706,-8.3313,-36.4258
BETANIA,PE,2601805,-8.26787,-38.0345
BEZERROS,PE,2601904,-8.2328,-35.796
BODOCO,PE,2602001,-7.77759,-39.9338
BOM CONSELHO,PE,2602100,-9.16919,-36.6857
BOM JARDIM,PE,2602209,-7.79695,-35.5784
BONITO,PE,2602308,-8.47163,-35.7292
BREJAO,PE,2602407,-9.02915,-36.566
BREJINHO,PE,2602506,-7.34694,-37.2865
BREJO DA MADRE DE DEUS,PE,2602605,-8.14933,-36.3741
BUENOS AIRES,PE,2602704,-7.72449,-35.3182
BUIQUE,PE,2602803,-8.61954,-37.1606
CABO DE SANTO AGOSTINHO,PE,2602902,-8.28218,-35.0253
CABROBO,PE,2603009,-8.50548,-39.3094
CACHOEIRINHA,PE,2603108,-8.48668,-36.2402
CAETES,PE,2603207,-8.7803,-36.6268
CALCADO,PE,2603306,-8.73108,-36.3366
CALUMBI,PE,2603405,-7.93551,-38.1482
CAMARAGIBE,PE,2603454,-8.02351,-34.9782
CAMOCIM DE SAO FELIX,PE,2603504,-8.35865,-35.7653
CAMUTANGA,PE,2603603,-7.40545,-35.2664
CANHOTINHO,PE,2603702,-8.87652,-36.1979
CAPOEIRAS,PE,2603801,-8.73423,-36.6306
CARNAIBA,PE,2603900,-7.79342,-37.7946
CARNAUBEIRA DA PENHA,PE,2603926,-8.31799,-38.7512
CARPINA,PE,2604007,-7.84566,-35.2514
CARUARU,PE,2604106,-8.28455,-35.9699
CASINHAS,PE,2604155,-7.74084,-35.7206
CATENDE,PE,2604205,-8.67509,-35.7024
CEDRO,PE,2604304,-7.71179,-39.2367
CHA DE ALEGRIA,PE,2604403,-8.00679,-35.204
CHA GRANDE,PE,2604502,-8.23827,-35.4571
CONDADO,PE,2604601,-7.58787,-35.0999
CORRENTES,PE,2604700,-9.12117,-36.3244
CORTES,PE,2604809,-8.47443,-35.5468
CUMARU,PE,2604908,-8.00827,-35.6957
CUPIRA,PE,2605004,-8.62432,-35.9518
CUSTODIA,PE,2605103,-8.08546,-37.6443
DORMENTES,PE,2605152,-8.44116,-40.7662
ESCADA,PE,2605202,-8.35672,-35.2241
EXU,PE,2605301,-7.50364,-39.7238
FEIRA NOVA,PE,2605400,-7.94704,-35.3801
FERNANDO DE NORONHA,PE,2605459,-3.8396,-32.4107
FERREIROS,PE,2605509,-7.44666,-35.2373
FLORES,PE,2605608,-7.85842,-37.9715
FLORESTA,PE,2605707,-8.60307,-38.5687
FREI MIGUELINHO,PE,2605806,-7.93918,-35.9113
GAMELEIRA,PE,2605905,-8.5798,-35.3846
GARANHUNS,PE,2606002,-8.88243,-36.4966
GLORIA DO GOITA,PE,2606101,-8.00568,-35.2904
GOIANA,PE,2606200,-7.5606,-34.9959
GRANITO,PE,2606309,-7.70711,-39.615
GRAVATA,PE,2606408,-8.21118,-35.5675
IATI,PE,2606507,-9.04559,-36.8498
IBIMIRIM,PE,2606606,-8.54026,-37.7032
IBIRAJUBA,PE,2606705,-8.57633,-36.1812
IGARASSU,PE,2606804,-7.82881,-34.9013
IGUARACY,PE,2606903,-7.83222,-37.5082
ILHA DE ITAMARACA,PE,2607604,-7.74766,-34.8303
INAJA,PE,2607000,-8.90206,-37.8351
INGAZEIRA,PE,2607109,-7.66909,-37.4576
IPOJUCA,PE,2607208,-8.39303,-35.0609
IPUBI,PE,2607307,-7.64505,-40.1476
ITACURUBA,PE,2607406,-8.82231,-38.6975
ITAIBA,PE,2607505,-8.94569,-37.4173
ITAMBE,PE,2607653,-7.41403,-35.0963
ITAPETIM,PE,2607703,-7.37178,-37.1863
ITAPISSUMA,PE,2607752,-7.76798,-34.8971
ITAQUITINGA,PE,2607802,-7.66373,-35.1002
JABOATAO DOS GUARARAPES,PE,2607901,-8.11298,-35.015
JAQUEIRA,PE,2607950,-8.72618,-35.7942
JATAUBA,PE,2608008,-7.97668,-36.4943
JATOBA,PE,2608057,-9.17476,-38.2607
JOAO ALFREDO,PE,2608107,-7.86565,-35.5787
JOAQUIM NABUCO,PE,2608206,-8.62281,-35.5288
JUCATI,PE,2608255,-8.70195,-36.4871
JUPI,PE,2608305,-8.70904,-36.4126
JUREMA,PE,2608404,-8.70714,-36.1347
LAGOA DE ITAENGA,PE,2608503,-7.93005,-35.2874
LAGOA DO CARRO,PE,2608453,-7.84383,-35.3108
LAGOA DO OURO,PE,2608602,-9.12567,-36.4584
LAGOA DOS GATOS,PE,2608701,-8.6602,-35.904
LAGOA GRANDE,PE,2608750,-8.99452,-40.2767
LAJEDO,PE,2608800,-8.65791,-36.3293
LIMOEIRO,PE,2608909,-7.8726,-35.4402
MACAPARANA,PE,2609006,-7.55564,-35.4425
MACHADOS,PE,2609105,-7.68827,-35.5114
MANARI,PE,2609154,-8.9649,-37.6313
MARAIAL,PE,2609204,-8.79062,-35.8266
MIRANDIBA,PE,2609303,-8.12113,-38.7388
MOREILANDIA,PE,2614303,-7.61931,-39.546
MORENO,PE,2609402,-8.10871,-35.0835
NAZARE DA MATA,PE,2609501,-7.74149,-35.2193
OLINDA,PE,2609600,-8.01017,-34.8545
OROBO,PE,2609709,-7.74553,-35.5956
OROCO,PE,2609808,-8.61026,-39.6026
OURICURI,PE,2609907,-7.87918,-40.08
PALMARES,PE,2610004,-8.68423,-35.589
PALMEIRINA,PE,2610103,-9.0109,-36.3242
PANELAS,PE,2610202,-8.66121,-36.0125
PARANATAMA,PE,2610301,-8.91875,-36.6549
PARNAMIRIM,PE,2610400,-8.08729,-39.5795
PASSIRA,PE,2610509,-7.9971,-35.5813
PAUDALHO,PE,2610608,-7.90287,-35.1716
PAULISTA,PE,2610707,-7.93401,-34.8684
PEDRA,PE,2610806,-8.49641,-36.94
PESQUEIRA,PE,2610905,-8.35797,-36.6978
PETROLANDIA,PE,2611002,-9.06863,-38.3027
PETROLINA,PE,2611101,-9.38866,-40.5027
POCAO,PE,2611200,-8.18726,-36.7111
POMBOS,PE,2611309,-8.13982,-35.3967
PRIMAVERA,PE,2611408,-8.32999,-35.3544
QUIPAPA,PE,2611507,-8.81175,-36.0137
QUIXABA,PE,2611533,-7.70734,-37.8446
RECIFE,PE,2611606,-8.04666,-34.8771
RIACHO DAS ALMAS,PE,2611705,-8.13742,-35.8648
RIBEIRAO,PE,2611804,-8.50957,-35.3698
RIO FORMOSO,PE,2611903,-8.6592,-35.1532
SAIRE,PE,2612000,-8.32864,-35.6967
SALGADINHO,PE,2612109,-7.9269,-35.6503
SALGUEIRO,PE,2612208,-8.07373,-39.1247
SALOA,PE,2612307,-8.9723,-36.691
SANHARO,PE,2612406,-8.36097,-36.5696
SANTA CRUZ,PE,2612455,-8.24153,-40.3434
SANTA CRUZ DA BAIXA VERDE,PE,2612471,-7.81339,-38.1476
SANTA CRUZ DO CAPIBARIBE,PE,2612505,-7.94802,-36.2061
SANTA FILOMENA,PE,2612554,-8.16688,-40.6079
SANTA MARIA DA BOA VISTA,PE,2612604,-8.79766,-39.8241
SANTA MARIA DO CAMBUCA,PE,2612703,-7.83676,-35.8941
SANTA TEREZINHA,PE,2612802,-7.37696,-37.4787
SAO BENEDITO DO SUL,PE,2612901,-8.8166,-35.9453
SAO BENTO DO UNA,PE,2613008,-8.52637,-36.4465
SAO CAITANO,PE,2613107,-8.33763,-36.2869
SAO JOAO,PE,2613206,-8.87576,-36.3653
SAO JOAQUIM DO MONTE,PE,2613305,-8.43196,-35.8035
SAO JOSE DA COROA GRANDE,PE,2613404,-8.88937,-35.1515
SAO JOSE DO BELMONTE,PE,2613503,-7.85723,-38.7577
SAO JOSE DO EGITO,PE,2613602,-7.46945,-37.274
SAO LOURENCO DA MATA,PE,2613701,-8.00684,-35.0124
SAO VICENTE FERRER,PE,2613800,-7.58969,-35.4808
SERRA TALHADA,PE,2613909,-7.98178,-38.289
SERRITA,PE,2614006,-7.94041,-39.2951
SERTANIA,PE,2614105,-8.06847,-37.2684
SIRINHAEM,PE,2614204,-8.58778,-35.1126
SOLIDAO,PE,2614402,-7.59472,-37.6445
SURUBIM,PE,2614501,-7.84746,-35.7481
TABIRA,PE,2614600,-7.58366,-37.5377
TACAIMBO,PE,2614709,-8.30867,-36.3
TACARATU,PE,2614808,-9.09798,-38.1504
TAMANDARE,PE,2614857,-8.75665,-35.1033
TAQUARITINGA DO NORTE,PE,2615003,-7.89446,-36.0423
TEREZINHA,PE,2615102,-9.05621,-36.6272
TERRA NOVA,PE,2615201,-8.22244,-39.3825
TIMBAUBA,PE,2615300,-7.50484,-35.3119
TORITAMA,PE,2615409,-8.00955,-36.0637
TRACUNHAEM,PE,2615508,-7.80228,-35.2314
TRINDADE,PE,2615607,-7.759,-40.2647
TRIUNFO,PE,2615706,-7.83272,-38.0978
TUPANATINGA,PE,2615805,-8.74798,-37.3445
TUPARETAMA,PE,2615904,-7.6003,-37.3165
VENTUROSA,PE,2616001,-8.57885,-36.8742
VERDEJANTE,PE,2616100,-7.92235,-38.9701
VERTENTE DO LERIO,PE,2616183,-7.77084,-35.8491
VERTENTES,PE,2616209,-7.90158,-35.9681
VICENCIA,PE,2616308,-7.65655,-35.3139
VITORIA DE SANTO ANTAO,PE,2616407,-8.12819,-35.2976
XEXEU,PE,2616506,-8.8046,-35.6212
ACAUA,PI,2200053,-8.21954,-41.0831
AGRICOLANDIA,PI,2200103,-5.79676,-42.6664
AGUA BRANCA,PI,2200202,-5.88856,-42.637
ALAGOINHA DO PIAUI,PI,2200251,-7.00039,-40.9282
ALEGRETE DO PIAUI,PI,2200277,-7.24196,-40.8566
ALTO LONGA,PI,2200301,-5.25634,-42.2096
ALTOS,PI,2200400,-5.03888,-42.4612
ALVORADA DO GURGUEIA,PI,2200459,-8.42418,-43.777
AMARANTE,PI,2200509,-6.24304,-42.8433
ANGICAL DO PIAUI,PI,2200608,-6.08786,-42.74
ANISIO DE ABREU,PI,2200707,-9.18564,-43.0494
ANTONIO ALMEIDA,PI,2200806,-7.21276,-44.1889
AROAZES,PI,2200905,-6.11022,-41.7822
AROEIRAS DO ITAIM,PI,2200954,-7.24502,-41.5325
ARRAIAL,PI,2201002,-6.65075,-42.5418
ASSUNCAO DO PIAUI,PI,2201051,-5.865,-41.0389
AVELINO LOPES,PI,2201101,-10.1345,-43.9563
BAIXA GRANDE DO RIBEIRO,PI,2201150,-7.84903,-45.219
BARRA D`ALCANTARA,PI,2201176,-6.51645,-42.1146
BARRAS,PI,2201200,-4.24468,-42.2922
BARREIRAS DO PIAUI,PI,2201309,-9.9296,-45.4702
BARRO DURO,PI,2201408,-5.81673,-42.5147
BATALHA,PI,2201507,-4.0223,-42.0787
BELA VISTA DO PIAUI,PI,2201556,-7.98809,-41.8675
BELEM DO PIAUI,PI,2201572,-7.36652,-40.9688
BENEDITINOS,PI,2201606,-5.45676,-42.3638
BERTOLINIA,PI,2201705,-7.63338,-43.9498
BETANIA DO PIAUI,PI,2201739,-8.14376,-40.7989
BOA HORA,PI,2201770,-4.41404,-42.1357
BOCAINA,PI,2201804,-6.94124,-41.3168
BOM JESUS,PI,2201903,-9.07124,-44.359
BOM PRINCIPIO DO PIAUI,PI,2201919,-3.19631,-41.6403
BONFIM DO PIAUI,PI,2201929,-9.1605,-42.8865
BOQUEIRAO DO PIAUI,PI,2201945,-4.48181,-42.1212
BRASILEIRA,PI,2201960,-4.1337,-41.7859
BREJO DO PIAUI,PI,2201988,-8.20314,-42.8229
BURITI DOS LOPES,PI,2202000,-3.18259,-41.8695
BURITI DOS MONTES,PI,2202026,-5.30584,-41.0933
CABECEIRAS DO PIAUI,PI,2202059,-4.4773,-42.3069
CAJAZEIRAS DO PIAUI,PI,2202075,-6.79667,-42.3903
CAJUEIRO DA PRAIA,PI,2202083,-2.93111,-41.3408
CALDEIRAO GRANDE DO PIAUI,PI,2202091,-7.3314,-40.6366
CAMPINAS DO PIAUI,PI,2202109,-7.6593,-41.8775
CAMPO ALEGRE DO FIDALGO,PI,2202117,-8.38236,-41.8344
CAMPO GRANDE DO PIAUI,PI,2202133,-7.12827,-41.0315
CAMPO LARGO DO PIAUI,PI,2202174,-3.80441,-42.64
CAMPO MAIOR,PI,2202208,-4.8217,-42.1641
CANAVIEIRA,PI,2202251,-7.68821,-43.7233
CANTO DO BURITI,PI,2202307,-8.1111,-42.9517
CAPITAO DE CAMPOS,PI,2202406,-4.457,-41.944
CAPITAO GERVASIO OLIVEIRA,PI,2202455,-8.49655,-41.814
CARACOL,PI,2202505,-9.27933,-43.329
CARAUBAS DO PIAUI,PI,2202539,-3.47525,-41.8425
CARIDADE DO PIAUI,PI,2202554,-7.73435,-40.9848
CASTELO DO PIAUI,PI,2202604,-5.31869,-41.5499
CAXINGO,PI,2202653,-3.41904,-41.8955
COCAL,PI,2202703,-3.47279,-41.5546
COCAL DE TELHA,PI,2202711,-4.5571,-41.9587
COCAL DOS ALVES,PI,2202729,-3.62047,-41.4402
COIVARAS,PI,2202737,-5.09224,-42.208
COLONIA DO GURGUEIA,PI,2202752,-8.1837,-43.794
COLONIA DO PIAUI,PI,2202778,-7.22651,-42.1756
CONCEICAO DO CANINDE,PI,2202802,-7.87638,-41.5942
CORONEL JOSE DIAS,PI,2202851,-8.81397,-42.5232
CORRENTE,PI,2202901,-10.4333,-45.1633
CRISTALANDIA DO PIAUI,PI,2203008,-10.6443,-45.1893
CRISTINO CASTRO,PI,2203107,-8.82273,-44.223
CURIMATA,PI,2203206,-10.0326,-44.3002
CURRAIS,PI,2203230,-9.01175,-44.4062
CURRAL NOVO DO PIAUI,PI,2203271,-7.8313,-40.8957
CURRALINHOS,PI,2203255,-5.60825,-42.8376
DEMERVAL LOBAO,PI,2203305,-5.35875,-42.6776
DIRCEU ARCOVERDE,PI,2203354,-9.33939,-42.4348
DOM EXPEDITO LOPES,PI,2203404,-6.95332,-41.6396
DOM INOCENCIO,PI,2203453,-9.00516,-41.9697
DOMINGOS MOURAO,PI,2203420,-4.2495,-41.2683
ELESBAO VELOSO,PI,2203503,-6.19947,-42.1355
ELISEU MARTINS,PI,2203602,-8.09629,-43.6705
ESPERANTINA,PI,2203701,-3.88863,-42.2324
FARTURA DO PIAUI,PI,2203750,-9.48342,-42.7912
FLORES DO PIAUI,PI,2203800,-7.78793,-42.918
FLORESTA DO PIAUI,PI,2203859,-7.46682,-41.7883
FLORIANO,PI,2203909,-6.77182,-43.0241
FRANCINOPOLIS,PI,2204006,-6.39334,-42.2591
FRANCISCO AYRES,PI,2204105,-6.62606,-42.6881
FRANCISCO MACEDO,PI,2204154,-7.331,-40.788
FRANCISCO SANTOS,PI,2204204,-6.99491,-41.1288
FRONTEIRAS,PI,2204303,-7.08173,-40.6146
GEMINIANO,PI,2204352,-7.15476,-41.3409
GILBUES,PI,2204402,-9.83001,-45.3423
GUADALUPE,PI,2204501,-6.78285,-43.5594
GUARIBAS,PI,2204550,-9.38647,-43.6943
HUGO NAPOLEAO,PI,2204600,-5.9886,-42.5598
ILHA GRANDE,PI,2204659,-2.85774,-41.8186
INHUMA,PI,2204709,-6.665,-41.7041
IPIRANGA DO PIAUI,PI,2204808,-6.82421,-41.7381
ISAIAS COELHO,PI,2204907,-7.73597,-41.6735
ITAINOPOLIS,PI,2205003,-7.44336,-41.4687
ITAUEIRA,PI,2205102,-7.59989,-43.0249
JACOBINA DO PIAUI,PI,2205151,-7.93063,-41.2075
JAICOS,PI,2205201,-7.36229,-41.1371
JARDIM DO MULATO,PI,2205250,-6.099,-42.63
JATOBA DO PIAUI,PI,2205276,-4.77025,-41.817
JERUMENHA,PI,2205300,-7.09128,-43.5033
JOAO COSTA,PI,2205359,-8.50736,-42.4264
JOAQUIM PIRES,PI,2205409,-3.50164,-42.1865
JOCA MARQUES,PI,2205458,-3.4804,-42.4255
JOSE DE FREITAS,PI,2205508,-4.75146,-42.5746
JUAZEIRO DO PIAUI,PI,2205516,-5.17459,-41.6976
JULIO BORGES,PI,2205524,-10.3225,-44.2381
JUREMA,PI,2205532,-9.21992,-43.1337
LAGOA ALEGRE,PI,2205557,-4.51539,-42.6309
LAGOA DE SAO FRANCISCO,PI,2205573,-4.38505,-41.5969
LAGOA DO BARRO DO PIAUI,PI,2205565,-8.47673,-41.5342
LAGOA DO PIAUI,PI,2205581,-5.41864,-42.6437
LAGOA DO SITIO,PI,2205599,-6.50766,-41.5653
LAGOINHA DO PIAUI,PI,2205540,-5.83074,-42.6223
LANDRI SALES,PI,2205607,-7.25922,-43.9364
LUIS CORREIA,PI,2205706,-2.88438,-41.6641
LUZILANDIA,PI,2205805,-3.4683,-42.3718
MADEIRO,PI,2205854,-3.48624,-42.4981
MANOEL EMIDIO,PI,2205904,-8.01234,-43.8755
MARCOLANDIA,PI,2205953,-7.44169,-40.6602
MARCOS PARENTE,PI,2206001,-7.11565,-43.8926
MASSAPE DO PIAUI,PI,2206050,-7.47469,-41.1103
MATIAS OLIMPIO,PI,2206100,-3.71492,-42.5507
MIGUEL ALVES,PI,2206209,-4.16857,-42.8963
MIGUEL LEAO,PI,2206308,-5.68077,-42.7436
MILTON BRANDAO,PI,2206357,-4.68295,-41.4173
MONSENHOR GIL,PI,2206407,-5.562,-42.6075
MONSENHOR HIPOLITO,PI,2206506,-6.99275,-41.026
MONTE ALEGRE DO PIAUI,PI,2206605,-9.75364,-45.3037
MORRO CABECA NO TEMPO,PI,2206654,-9.71891,-43.9072
MORRO DO CHAPEU DO PIAUI,PI,2206670,-3.73337,-42.3024
MURICI DOS PORTELAS,PI,2206696,-3.319,-42.094
NAZARE DO PIAUI,PI,2206704,-6.97023,-42.6773
NAZARIA,PI,2206720,-5.35128,-42.8153
NOSSA SENHORA DE NAZARE,PI,2206753,-4.63019,-42.173
NOSSA SENHORA DOS REMEDIOS,PI,2206803,-3.97574,-42.6184
NOVA SANTA RITA,PI,2207959,-8.09707,-42.0471
NOVO ORIENTE DO PIAUI,PI,2206902,-6.44901,-41.9261
NOVO SANTO ANTONIO,PI,2206951,-5.28749,-41.9325
OEIRAS,PI,2207009,-7.01915,-42.1283
OLHO D`AGUA DO PIAUI,PI,2207108,-5.84125,-42.5594
PADRE MARCOS,PI,2207207,-7.35101,-40.8997
PAES LANDIM,PI,2207306,-7.77375,-42.2474
PAJEU DO PIAUI,PI,2207355,-7.85508,-42.8248
PALMEIRA DO PIAUI,PI,2207405,-8.73076,-44.2466
PALMEIRAIS,PI,2207504,-5.97086,-43.056
PAQUETA,PI,2207553,-7.10303,-41.7
PARNAGUA,PI,2207603,-10.2166,-44.63
PARNAIBA,PI,2207702,-2.90585,-41.7754
PASSAGEM FRANCA DO PIAUI,PI,2207751,-5.86036,-42.4436
PATOS DO PIAUI,PI,2207777,-7.67231,-41.2408
PAU D`ARCO DO PIAUI,PI,2207793,-5.26072,-42.3908
PAULISTANA,PI,2207801,-8.13436,-41.1431
PAVUSSU,PI,2207850,-7.96059,-43.2284
PEDRO II,PI,2207900,-4.42585,-41.4482
PEDRO LAURENTINO,PI,2207934,-8.06807,-42.2847
PICOS,PI,2208007,-7.07721,-41.467
PIMENTEIRAS,PI,2208106,-6.23839,-41.4113
PIO IX,PI,2208205,-6.83002,-40.6083
PIRACURUCA,PI,2208304,-3.93335,-41.7088
PIRIPIRI,PI,2208403,-4.27157,-41.7716
PORTO,PI,2208502,-3.88815,-42.6998
PORTO ALEGRE DO PIAUI,PI,2208551,-6.96423,-44.1837
PRATA DO PIAUI,PI,2208601,-5.67265,-42.2046
QUEIMADA NOVA,PI,2208650,-8.57064,-41.4106
REDENCAO DO GURGUEIA,PI,2208700,-9.47937,-44.5811
REGENERACAO,PI,2208809,-6.23115,-42.6842
RIACHO FRIO,PI,2208858,-10.1244,-44.9503
RIBEIRA DO PIAUI,PI,2208874,-7.69028,-42.7128
RIBEIRO GONCALVES,PI,2208908,-7.55651,-45.2447
RIO GRANDE DO PIAUI,PI,2209005,-7.78029,-43.1369
SANTA CRUZ DO PIAUI,PI,2209104,-7.1785,-41.7609
SANTA CRUZ DOS MILAGRES,PI,2209153,-5.80581,-41.9506
SANTA FILOMENA,PI,2209203,-9.11228,-45.9116
SANTA LUZ,PI,2209302,-8.9488,-44.1296
SANTA ROSA DO PIAUI,PI,2209377,-6.79581,-42.2814
SANTANA DO PIAUI,PI,2209351,-6.94696,-41.5178
SANTO ANTONIO DE LISBOA,PI,2209401,-6.98676,-41.2252
SANTO ANTONIO DOS MILAGRES,PI,2209450,-6.04647,-42.7123
SANTO INACIO DO PIAUI,PI,2209500,-7.42072,-41.9063
SAO BRAZ DO PIAUI,PI,2209559,-9.05797,-43.0076
SAO FELIX DO PIAUI,PI,2209609,-5.93485,-42.1172
SAO FRANCISCO DE ASSIS DO PIAUI,PI,2209658,-8.23599,-41.6873
SAO FRANCISCO DO PIAUI,PI,2209708,-7.2463,-42.541
SAO GONCALO DO GURGUEIA,PI,2209757,-10.0319,-45.3092
SAO GONCALO DO PIAUI,PI,2209807,-5.99393,-42.7095
SAO JOAO DA CANABRAVA,PI,2209856,-6.81203,-41.3415
SAO JOAO DA FRONTEIRA,PI,2209872,-3.95497,-41.2569
SAO JOAO DA SERRA,PI,2209906,-5.51081,-41.8923
SAO JOAO DA VARJOTA,PI,2209955,-6.94082,-41.8889
SAO JOAO DO ARRAIAL,PI,2209971,-3.8186,-42.4459
SAO JOAO DO PIAUI,PI,2210003,-8.35466,-42.2559
SAO JOSE DO DIVINO,PI,2210052,-3.81411,-41.8308
SAO JOSE DO PEIXE,PI,2210102,-7.48554,-42.5672
SAO JOSE DO PIAUI,PI,2210201,-6.87194,-41.4731
SAO JULIAO,PI,2210300,-7.08391,-40.8246
SAO LOURENCO DO PIAUI,PI,2210359,-9.16463,-42.5496
SAO LUIS DO PIAUI,PI,2210375,-6.81936,-41.3175
SAO MIGUEL DA BAIXA GRANDE,PI,2210383,-5.85646,-42.1934
SAO MIGUEL DO FIDALGO,PI,2210391,-7.59713,-42.3676
SAO MIGUEL DO TAPUIO,PI,2210409,-5.49729,-41.3165
SAO PEDRO DO PIAUI,PI,2210508,-5.92078,-42.7192
SAO RAIMUNDO NONATO,PI,2210607,-9.01241,-42.6987
SEBASTIAO BARROS,PI,2210623,-10.817,-44.8337
SEBASTIAO LEAL,PI,2210631,-7.56803,-44.06
SIGEFREDO PACHECO,PI,2210656,-4.91665,-41.7311
SIMOES,PI,2210706,-7.59109,-40.8137
SIMPLICIO MENDES,PI,2210805,-7.85294,-41.9075
SOCORRO DO PIAUI,PI,2210904,-7.86773,-42.4922
SUSSUAPARA,PI,2210938,-7.03687,-41.3767
TAMBORIL DO PIAUI,PI,2210953,-8.40937,-42.9211
TANQUE DO PIAUI,PI,2210979,-6.59787,-42.2795
TERESINA,PI,2211001,-5.09194,-42.8034
UNIAO,PI,2211100,-4.58571,-42.8583
URUCUI,PI,2211209,-7.23944,-44.5577
VALENCA DO PIAUI,PI,2211308,-6.40301,-41.7375
VARZEA BRANCA,PI,2211357,-9.238,-42.9692
VARZEA GRANDE,PI,2211407,-6.54899,-42.248
VERA MENDES,PI,2211506,-7.59748,-41.4673
VILA NOVA DO PIAUI,PI,2211605,-7.13272,-40.9345
WALL FERRAZ,PI,2211704,-7.23151,-41.905
ABATIA,PR,4100103,-23.3049,-50.3133
ADRIANOPOLIS,PR,4100202,-24.6606,-48.9922
AGUDOS DO SUL,PR,4100301,-25.9899,-49.3343
ALMIRANTE TAMANDARE,PR,4100400,-25.3188,-49.3037
ALTAMIRA DO PARANA,PR,4100459,-24.7983,-52.7128
ALTO PARAISO,PR,4128625,-26.1146,-52.7469
ALTO PARANA,PR,4100608,-23.1312,-52.3189
ALTO PIQUIRI,PR,4100707,-24.0224,-53.44
ALTONIA,PR,4100509,-23.8759,-53.8958
ALVORADA DO SUL,PR,4100806,-22.7813,-51.2297
AMAPORA,PR,4100905,-23.0943,-52.7866
AMPERE,PR,4101002,-25.9168,-53.4686
ANAHY,PR,4101051,-24.6449,-53.1332
ANDIRA,PR,4101101,-23.0533,-50.2304
ANGULO,PR,4101150,-23.1946,-51.9154
ANTONINA,PR,4101200,-25.4386,-48.7191
ANTONIO OLINTO,PR,4101309,-25.9804,-50.1972
APUCARANA,PR,4101408,-23.55,-51.4635
ARAPONGAS,PR,4101507,-23.4153,-51.4259
ARAPOTI,PR,4101606,-24.1548,-49.8285
ARAPUA,PR,4101655,-24.3132,-51.7856
ARARUNA,PR,4101705,-23.9315,-52.5021
ARAUCARIA,PR,4101804,-25.5859,-49.4047
ARIRANHA DO IVAI,PR,4101853,-24.3857,-51.5839
ASSAI,PR,4101903,-23.3697,-50.8459
ASSIS CHATEAUBRIAND,PR,4102000,-24.4168,-53.5213
ASTORGA,PR,4102109,-23.2318,-51.6668
ATALAIA,PR,4102208,-23.1517,-52.0551
BALSA NOVA,PR,4102307,-25.5804,-49.6291
BANDEIRANTES,PR,4102406,-23.1078,-50.3704
BARBOSA FERRAZ,PR,4102505,-24.0334,-52.004
BARRA DO JACARE,PR,4102703,-23.116,-50.1842
BARRACAO,PR,4102604,-26.2502,-53.6324
BELA VISTA DA CAROBA,PR,4102752,-25.8842,-53.6725
BELA VISTA DO PARAISO,PR,4102802,-22.9937,-51.1927
BITURUNA,PR,4102901,-26.1607,-51.5518
BOA ESPERANCA,PR,4103008,-24.2467,-52.7876
BOA ESPERANCA DO IGUACU,PR,4103024,-25.6324,-53.2108
BOA VENTURA DE SAO ROQUE,PR,4103040,-24.8688,-51.6276
BOA VISTA DA APARECIDA,PR,4103057,-25.4308,-53.4117
BOCAIUVA DO SUL,PR,4103107,-25.2066,-49.1141
BOM JESUS DO SUL,PR,4103156,-26.1958,-53.5955
BOM SUCESSO,PR,4103206,-23.7063,-51.7671
BOM SUCESSO DO SUL,PR,4103222,-26.0731,-52.8353
BORRAZOPOLIS,PR,4103305,-23.9366,-51.5875
BRAGANEY,PR,4103354,-24.8173,-53.1218
BRASILANDIA DO SUL,PR,4103370,-24.1978,-53.5275
CAFEARA,PR,4103404,-22.789,-51.7142
CAFELANDIA,PR,4103453,-24.6189,-53.3207
CAFEZAL DO SUL,PR,4103479,-23.9005,-53.5124
CALIFORNIA,PR,4103503,-23.6566,-51.3574
CAMBARA,PR,4103602,-23.0423,-50.0753
CAMBE,PR,4103701,-23.2766,-51.2798
CAMBIRA,PR,4103800,-23.589,-51.5792
CAMPINA DA LAGOA,PR,4103909,-24.5893,-52.7976
CAMPINA DO SIMAO,PR,4103958,-25.0802,-51.8237
CAMPINA GRANDE DO SUL,PR,4104006,-25.3044,-49.0551
CAMPO BONITO,PR,4104055,-25.0294,-52.9939
CAMPO DO TENENTE,PR,4104105,-25.98,-49.6844
CAMPO LARGO,PR,4104204,-25.4525,-49.529
CAMPO MAGRO,PR,4104253,-25.3687,-49.4501
CAMPO MOURAO,PR,4104303,-24.0463,-52.378
CANDIDO DE ABREU,PR,4104402,-24.5649,-51.3372
CANDOI,PR,4104428,-25.5758,-52.0409
CANTAGALO,PR,4104451,-25.3734,-52.1198
CAPANEMA,PR,4104501,-25.6691,-53.8055
CAPITAO LEONIDAS MARQUES,PR,4104600,-25.4816,-53.6112
CARAMBEI,PR,4104659,-24.9152,-50.0986
CARLOPOLIS,PR,4104709,-23.4269,-49.7235
CASCAVEL,PR,4104808,-24.9573,-53.459
CASTRO,PR,4104907,-24.7891,-50.0108
CATANDUVAS,PR,4105003,-25.2044,-53.1548
CENTENARIO DO SUL,PR,4105102,-22.8188,-51.5973
CERRO AZUL,PR,4105201,-26.0891,-52.8691
CEU AZUL,PR,4105300,-25.1489,-53.8415
CHOPINZINHO,PR,4105409,-25.8515,-52.5173
CIANORTE,PR,4105508,-23.6599,-52.6054
CIDADE GAUCHA,PR,4105607,-23.3772,-52.9436
CLEVELANDIA,PR,4105706,-26.4043,-52.3508
COLOMBO,PR,4105805,-25.2925,-49.2262
COLORADO,PR,4105904,-22.8374,-51.9743
CONGONHINHAS,PR,4106001,-23.5493,-50.5569
CONSELHEIRO MAIRINCK,PR,4106100,-23.623,-50.1707
CONTENDA,PR,4106209,-25.6788,-49.535
CORBELIA,PR,4106308,-24.7971,-53.3006
CORNELIO PROCOPIO,PR,4106407,-23.1829,-50.6498
CORONEL DOMINGOS SOARES,PR,4106456,-26.2277,-52.0356
CORONEL VIVIDA,PR,4106506,-25.9767,-52.5641
CORUMBATAI DO SUL,PR,4106555,-24.101,-52.1177
CRUZ MACHADO,PR,4106803,-26.0166,-51.343
CRUZEIRO DO IGUACU,PR,4106571,-25.6192,-53.1285
CRUZEIRO DO OESTE,PR,4106605,-23.7799,-53.0774
CRUZEIRO DO SUL,PR,4106704,-22.9624,-52.1622
CRUZMALTINA,PR,4106852,-24.0132,-51.4563
CURITIBA,PR,4106902,-25.4195,-49.2646
CURIUVA,PR,4107009,-24.0362,-50.4576
DIAMANTE DO NORTE,PR,4107108,-22.655,-52.8617
DIAMANTE DO SUL,PR,4107124,-25.035,-52.6768
DIAMANTE D`OESTE,PR,4107157,-24.9419,-54.1052
DOIS VIZINHOS,PR,4107207,-25.7407,-53.057
DOURADINA,PR,4107256,-23.3807,-53.2918
DOUTOR CAMARGO,PR,4107306,-23.5582,-52.2178
DOUTOR ULYSSES,PR,4128633,-24.5665,-49.4219
ENEAS MARQUES,PR,4107405,-25.9445,-53.1659
ENGENHEIRO BELTRAO,PR,4107504,-23.797,-52.2659
ENTRE RIOS DO OESTE,PR,4107538,-24.7042,-54.2385
ESPERANCA NOVA,PR,4107520,-23.7238,-53.811
ESPIGAO ALTO DO IGUACU,PR,4107546,-25.4216,-52.8348
FAROL,PR,4107553,-24.0958,-52.6217
FAXINAL,PR,4107603,-24.0077,-51.3227
FAZENDA RIO GRANDE,PR,4107652,-25.6624,-49.3073
FENIX,PR,4107702,-23.9135,-51.9805
FERNANDES PINHEIRO,PR,4107736,-25.4107,-50.5456
FIGUEIRA,PR,4107751,-23.8455,-50.4031
FLOR DA SERRA DO SUL,PR,4107850,-26.2523,-53.3092
FLORAI,PR,4107801,-23.3178,-52.3029
FLORESTA,PR,4107900,-23.6031,-52.0807
FLORESTOPOLIS,PR,4108007,-22.8623,-51.3882
FLORIDA,PR,4108106,-23.0847,-51.9546
FORMOSA DO OESTE,PR,4108205,-24.2951,-53.3114
FOZ DO IGUACU,PR,4108304,-25.5427,-54.5827
FOZ DO JORDAO,PR,4108452,-25.7371,-52.1188
FRANCISCO ALVES,PR,4108320,-24.0667,-53.8461
FRANCISCO BELTRAO,PR,4108403,-26.0817,-53.0535
GENERAL CARNEIRO,PR,4108502,-26.425,-51.3172
GODOY MOREIRA,PR,4108551,-24.173,-51.9246
GOIOERE,PR,4108601,-24.1835,-53.0248
GOIOXIM,PR,4108650,-25.1927,-51.9911
GRANDES RIOS,PR,4108700,-24.1466,-51.5094
GUAIRA,PR,4108809,-24.085,-54.2573
GUAIRACA,PR,4108908,-22.932,-52.6906
GUAMIRANGA,PR,4108957,-25.1912,-50.8021
GUAPIRAMA,PR,4109005,-23.5203,-50.0407
GUAPOREMA,PR,4109104,-23.3402,-52.7786
GUARACI,PR,4109203,-22.9694,-51.6504
GUARANIACU,PR,4109302,-25.0968,-52.8755
GUARAPUAVA,PR,4109401,-25.3902,-51.4623
GUARAQUECABA,PR,4109500,-25.3071,-48.3204
GUARATUBA,PR,4109609,-25.8817,-48.5752
HONORIO SERPA,PR,4109658,-26.139,-52.3848
IBAITI,PR,4109708,-23.8478,-50.1932
IBEMA,PR,4109757,-25.1193,-53.0072
IBIPORA,PR,4109807,-23.2659,-51.0522
ICARAIMA,PR,4109906,-23.3944,-53.615
IGUARACU,PR,4110003,-23.1949,-51.8256
IGUATU,PR,4110052,-24.7153,-53.0827
IMBAU,PR,4110078,-24.448,-50.7533
IMBITUVA,PR,4110102,-25.2285,-50.5989
INACIO MARTINS,PR,4110201,-25.5704,-51.0769
INAJA,PR,4110300,-22.7509,-52.1995
INDIANOPOLIS,PR,4110409,-23.4762,-52.6989
IPIRANGA,PR,4110508,-25.0238,-50.5794
IPORA,PR,4110607,-24.0083,-53.706
IRACEMA DO OESTE,PR,4110656,-24.4262,-53.3528
IRATI,PR,4110706,-25.4697,-50.6493
IRETAMA,PR,4110805,-24.4253,-52.1012
ITAGUAJE,PR,4110904,-22.6183,-51.9674
ITAIPULANDIA,PR,4110953,-25.1366,-54.3001
ITAMBARACA,PR,4111001,-23.0181,-50.4097
ITAMBE,PR,4111100,-23.6601,-51.9912
ITAPEJARA D`OESTE,PR,4111209,-25.9619,-52.8152
ITAPERUCU,PR,4111258,-25.2193,-49.3454
ITAUNA DO SUL,PR,4111308,-22.7289,-52.8874
IVAI,PR,4111407,-25.0067,-50.857
IVAIPORA,PR,4111506,-24.2485,-51.6754
IVATE,PR,4111555,-23.4072,-53.3687
IVATUBA,PR,4111605,-23.6187,-52.2203
JABOTI,PR,4111704,-23.7435,-50.0729
JACAREZINHO,PR,4111803,-23.1591,-49.9739
JAGUAPITA,PR,4111902,-23.1104,-51.5342
JAGUARIAIVA,PR,4112009,-24.2439,-49.7066
JANDAIA DO SUL,PR,4112108,-23.6011,-51.6448
JANIOPOLIS,PR,4112207,-24.1401,-52.7784
JAPIRA,PR,4112306,-23.8142,-50.1422
JAPURA,PR,4112405,-23.4693,-52.5557
JARDIM ALEGRE,PR,4112504,-24.1809,-51.6902
JARDIM OLINDA,PR,4112603,-22.5523,-52.0503
JATAIZINHO,PR,4112702,-23.2578,-50.9777
JESUITAS,PR,4112751,-24.3839,-53.3849
JOAQUIM TAVORA,PR,4112801,-23.4987,-49.909
JUNDIAI DO SUL,PR,4112900,-23.4357,-50.2496
JURANDA,PR,4112959,-24.4209,-52.8413
JUSSARA,PR,4113007,-23.6219,-52.4693
KALORE,PR,4113106,-23.8188,-51.6687
LAPA,PR,4113205,-25.7671,-49.7168
LARANJAL,PR,4113254,-24.8862,-52.47
LARANJEIRAS DO SUL,PR,4113304,-25.4077,-52.4109
LEOPOLIS,PR,4113403,-23.0818,-50.7511
LIDIANOPOLIS,PR,4113429,-24.11,-51.6506
LINDOESTE,PR,4113452,-25.2596,-53.5733
LOANDA,PR,4113502,-22.9232,-53.1362
LOBATO,PR,4113601,-23.0058,-51.9524
LONDRINA,PR,4113700,-23.304,-51.1691
LUIZIANA,PR,4113734,-24.2853,-52.269
LUNARDELLI,PR,4113759,-24.0821,-51.7368
LUPIONOPOLIS,PR,4113809,-22.755,-51.6601
MALLET,PR,4113908,-25.8806,-50.8173
MAMBORE,PR,4114005,-24.317,-52.5271
MANDAGUACU,PR,4114104,-23.3458,-52.0944
MANDAGUARI,PR,4114203,-23.5446,-51.671
MANDIRITUBA,PR,4114302,-25.777,-49.3282
MANFRINOPOLIS,PR,4114351,-26.1441,-53.3113
MANGUEIRINHA,PR,4114401,-25.9421,-52.1743
MANOEL RIBAS,PR,4114500,-24.5144,-51.6658
MARECHAL CANDIDO RONDON,PR,4114609,-24.557,-54.0571
MARIA HELENA,PR,4114708,-23.6158,-53.2053
MARIALVA,PR,4114807,-23.4843,-51.7928
MARILANDIA DO SUL,PR,4114906,-23.7425,-51.3137
MARILENA,PR,4115002,-22.7336,-53.0402
MARILUZ,PR,4115101,-24.0089,-53.1432
MARINGA,PR,4115200,-23.4205,-51.9333
MARIOPOLIS,PR,4115309,-26.355,-52.5532
MARIPA,PR,4115358,-24.42,-53.8286
MARMELEIRO,PR,4115408,-26.1472,-53.0267
MARQUINHO,PR,4115457,-25.112,-52.2497
MARUMBI,PR,4115507,-23.7058,-51.6404
MATELANDIA,PR,4115606,-25.2496,-53.9935
MATINHOS,PR,4115705,-25.8237,-48.549
MATO RICO,PR,4115739,-24.6995,-52.1454
MAUA DA SERRA,PR,4115754,-23.8988,-51.2277
MEDIANEIRA,PR,4115804,-25.2977,-54.0943
MERCEDES,PR,4115853,-24.4538,-54.1618
MIRADOR,PR,4115903,-23.255,-52.7761
MIRASELVA,PR,4116000,-22.9657,-51.4846
MISSAL,PR,4116059,-25.0919,-54.2477
MOREIRA SALES,PR,4116109,-24.0509,-53.0102
MORRETES,PR,4116208,-25.4744,-48.8345
MUNHOZ DE MELO,PR,4116307,-23.1487,-51.7737
NOSSA SENHORA DAS GRACAS,PR,4116406,-22.9129,-51.7978
NOVA ALIANCA DO IVAI,PR,4116505,-23.1763,-52.6032
NOVA AMERICA DA COLINA,PR,4116604,-23.3308,-50.7168
NOVA AURORA,PR,4116703,-24.5289,-53.2575
NOVA CANTU,PR,4116802,-24.6723,-52.5661
NOVA ESPERANCA,PR,4116901,-23.182,-52.2031
NOVA ESPERANCA DO SUDOESTE,PR,4116950,-25.9004,-53.2618
NOVA FATIMA,PR,4117008,-23.4324,-50.5665
NOVA LARANJEIRAS,PR,4117057,-25.3054,-52.5447
NOVA LONDRINA,PR,4117107,-22.7639,-52.9868
NOVA OLIMPIA,PR,4117206,-23.4703,-53.0898
NOVA PRATA DO IGUACU,PR,4117255,-25.6309,-53.3469
NOVA SANTA BARBARA,PR,4117214,-23.5865,-50.7598
NOVA SANTA ROSA,PR,4117222,-24.4693,-53.9552
NOVA TEBAS,PR,4117271,-24.438,-51.9454
NOVO ITACOLOMI,PR,4117297,-23.7631,-51.5079
ORTIGUEIRA,PR,4117305,-24.2058,-50.9185
OURIZONA,PR,4117404,-23.4053,-52.1964
OURO VERDE DO OESTE,PR,4117453,-24.7933,-53.9043
PAICANDU,PR,4117503,-23.4555,-52.046
PALMAS,PR,4117602,-26.4839,-51.9888
PALMEIRA,PR,4117701,-25.4257,-50.007
PALMITAL,PR,4117800,-24.8853,-52.2029
PALOTINA,PR,4117909,-24.2868,-53.8404
PARAISO DO NORTE,PR,4118006,-23.2824,-52.6054
PARANACITY,PR,4118105,-22.9297,-52.1549
PARANAGUA,PR,4118204,-25.5161,-48.5225
PARANAPOEMA,PR,4118303,-22.6412,-52.0905
PARANAVAI,PR,4118402,-23.0816,-52.4617
PATO BRAGADO,PR,4118451,-24.6271,-54.2265
PATO BRANCO,PR,4118501,-26.2292,-52.6706
PAULA FREITAS,PR,4118600,-26.2105,-50.931
PAULO FRONTIN,PR,4118709,-26.0466,-50.8304
PEABIRU,PR,4118808,-23.914,-52.3431
PEROBAL,PR,4118857,-23.8949,-53.4098
PEROLA,PR,4118907,-23.8039,-53.6834
PEROLA D`OESTE,PR,4119004,-25.8278,-53.7433
PIEN,PR,4119103,-26.0965,-49.4336
PINHAIS,PR,4119152,-25.4429,-49.1927
PINHAL DE SAO BENTO,PR,4119251,-26.0324,-53.482
PINHALAO,PR,4119202,-23.7982,-50.0536
PINHAO,PR,4119301,-25.6944,-51.6536
PIRAI DO SUL,PR,4119400,-24.5306,-49.9433
PIRAQUARA,PR,4119509,-25.4422,-49.0624
PITANGA,PR,4119608,-24.7588,-51.7596
PITANGUEIRAS,PR,4119657,-23.2281,-51.5873
PLANALTINA DO PARANA,PR,4119707,-23.0101,-52.9162
PLANALTO,PR,4119806,-25.7211,-53.7642
PONTA GROSSA,PR,4119905,-25.0916,-50.1668
PONTAL DO PARANA,PR,4119954,-25.6735,-48.5111
PORECATU,PR,4120002,-22.7537,-51.3795
PORTO AMAZONAS,PR,4120101,-25.54,-49.8946
PORTO BARREIRO,PR,4120150,-25.5477,-52.4067
PORTO RICO,PR,4120200,-22.7747,-53.2677
PORTO VITORIA,PR,4120309,-26.1674,-51.231
PRADO FERREIRA,PR,4120333,-23.0357,-51.4429
PRANCHITA,PR,4120358,-26.0209,-53.7397
PRESIDENTE CASTELO BRANCO,PR,4120408,-23.2782,-52.1536
PRIMEIRO DE MAIO,PR,4120507,-22.8517,-51.0293
PRUDENTOPOLIS,PR,4120606,-25.2111,-50.9754
QUARTO CENTENARIO,PR,4120655,-24.2775,-53.0759
QUATIGUA,PR,4120705,-23.5671,-49.916
QUATRO BARRAS,PR,4120804,-25.3673,-49.0763
QUATRO PONTES,PR,4120853,-24.5752,-53.9759
QUEDAS DO IGUACU,PR,4120903,-25.4492,-52.9102
QUERENCIA DO NORTE,PR,4121000,-23.0838,-53.483
QUINTA DO SOL,PR,4121109,-23.8533,-52.1309
QUITANDINHA,PR,4121208,-25.8734,-49.4973
RAMILANDIA,PR,4121257,-25.1195,-54.023
RANCHO ALEGRE,PR,4121307,-23.0676,-50.9145
RANCHO ALEGRE D`OESTE,PR,4121356,-24.3065,-52.9552
REALEZA,PR,4121406,-25.7711,-53.526
REBOUCAS,PR,4121505,-25.6232,-50.6877
RENASCENCA,PR,4121604,-26.1588,-52.9703
RESERVA,PR,4121703,-24.6492,-50.8466
RESERVA DO IGUACU,PR,4121752,-25.8319,-52.0272
RIBEIRAO CLARO,PR,4121802,-23.1941,-49.7597
RIBEIRAO DO PINHAL,PR,4121901,-23.4091,-50.3601
RIO AZUL,PR,4122008,-25.7306,-50.7985
RIO BOM,PR,4122107,-23.7606,-51.4122
RIO BONITO DO IGUACU,PR,4122156,-25.4874,-52.5292
RIO BRANCO DO IVAI,PR,4122172,-24.3244,-51.3187
RIO BRANCO DO SUL,PR,4122206,-25.1892,-49.3115
RIO NEGRO,PR,4122305,-26.095,-49.7982
ROLANDIA,PR,4122404,-23.3101,-51.3659
RONCADOR,PR,4122503,-24.5958,-52.2716
RONDON,PR,4122602,-23.412,-52.7659
ROSARIO DO IVAI,PR,4122651,-24.2682,-51.272
SABAUDIA,PR,4122701,-23.3155,-51.555
SALGADO FILHO,PR,4122800,-26.1777,-53.3631
SALTO DO ITARARE,PR,4122909,-23.6074,-49.6354
SALTO DO LONTRA,PR,4123006,-25.7813,-53.3135
SANTA AMELIA,PR,4123105,-23.2654,-50.4288
SANTA CECILIA DO PAVAO,PR,4123204,-23.5201,-50.7835
SANTA CRUZ DE MONTE CASTELO,PR,4123303,-22.9582,-53.2949
SANTA FE,PR,4123402,-23.04,-51.808
SANTA HELENA,PR,4123501,-24.8585,-54.336
SANTA INES,PR,4123600,-22.6376,-51.9024
SANTA ISABEL DO IVAI,PR,4123709,-23.0025,-53.1989
SANTA IZABEL DO OESTE,PR,4123808,-25.8217,-53.4801
SANTA LUCIA,PR,4123824,-25.4104,-53.5638
SANTA MARIA DO OESTE,PR,4123857,-24.9377,-51.8696
SANTA MARIANA,PR,4123907,-23.1465,-50.5167
SANTA MONICA,PR,4123956,-23.108,-53.1103
SANTA TEREZA DO OESTE,PR,4124020,-25.0543,-53.6274
SANTA TEREZINHA DE ITAIPU,PR,4124053,-25.4391,-54.402
SANTANA DO ITARARE,PR,4124004,-23.7587,-49.6293
SANTO ANTONIO DA PLATINA,PR,4124103,-23.2959,-50.0815
SANTO ANTONIO DO CAIUA,PR,4124202,-22.7351,-52.344
SANTO ANTONIO DO PARAISO,PR,4124301,-23.4969,-50.6455
SANTO ANTONIO DO SUDOESTE,PR,4124400,-26.0737,-53.7251
SANTO INACIO,PR,4124509,-22.6957,-51.7969
SAO CARLOS DO IVAI,PR,4124608,-23.3158,-52.4761
SAO JERONIMO DA SERRA,PR,4124707,-23.7218,-50.7475
SAO JOAO,PR,4124806,-25.8214,-52.7252
SAO JOAO DO CAIUA,PR,4124905,-22.8535,-52.3411
SAO JOAO DO IVAI,PR,4125001,-23.9833,-51.8215
SAO JOAO DO TRIUNFO,PR,4125100,-25.683,-50.2949
SAO JORGE DO IVAI,PR,4125308,-23.4336,-52.2929
SAO JORGE DO PATROCINIO,PR,4125357,-23.7647,-53.8823
SAO JORGE D`OESTE,PR,4125209,-25.7085,-52.9204
SAO JOSE DA BOA VISTA,PR,4125407,-23.9122,-49.6577
SAO JOSE DAS PALMEIRAS,PR,4125456,-24.8369,-54.0572
SAO JOSE DOS PINHAIS,PR,4125506,-25.5313,-49.2031
SAO MANOEL DO PARANA,PR,4125555,-23.3941,-52.6454
SAO MATEUS DO SUL,PR,4125605,-25.8677,-50.384
SAO MIGUEL DO IGUACU,PR,4125704,-25.3492,-54.2405
SAO PEDRO DO IGUACU,PR,4125753,-24.9373,-53.8521
SAO PEDRO DO IVAI,PR,4125803,-23.8634,-51.8568
SAO PEDRO DO PARANA,PR,4125902,-22.8239,-53.2241
SAO SEBASTIAO DA AMOREIRA,PR,4126009,-23.4656,-50.7625
SAO TOME,PR,4126108,-23.5349,-52.5901
SAPOPEMA,PR,4126207,-23.9078,-50.5801
SARANDI,PR,4126256,-23.4441,-51.876
SAUDADE DO IGUACU,PR,4126272,-25.6917,-52.6184
SENGES,PR,4126306,-24.1129,-49.4616
SERRANOPOLIS DO IGUACU,PR,4126355,-25.3799,-54.0518
SERTANEJA,PR,4126405,-23.0361,-50.8317
SERTANOPOLIS,PR,4126504,-23.0571,-51.0399
SIQUEIRA CAMPOS,PR,4126603,-23.6875,-49.8304
SULINA,PR,4126652,-25.7066,-52.7299
TAMARANA,PR,4126678,-23.7204,-51.0991
TAMBOARA,PR,4126702,-23.2036,-52.4743
TAPEJARA,PR,4126801,-23.7315,-52.8735
TAPIRA,PR,4126900,-23.3193,-53.0684
TEIXEIRA SOARES,PR,4127007,-25.3701,-50.4571
TELEMACO BORBA,PR,4127106,-24.3245,-50.6176
TERRA BOA,PR,4127205,-23.7683,-52.447
TERRA RICA,PR,4127304,-22.7111,-52.6188
TERRA ROXA,PR,4127403,-24.1575,-54.0988
TIBAGI,PR,4127502,-24.5153,-50.4176
TIJUCAS DO SUL,PR,4127601,-25.9311,-49.195
TOLEDO,PR,4127700,-24.7246,-53.7412
TOMAZINA,PR,4127809,-23.7796,-49.9499
TRES BARRAS DO PARANA,PR,4127858,-25.4185,-53.1833
TUNAS DO PARANA,PR,4127882,-24.9731,-49.0879
TUNEIRAS DO OESTE,PR,4127908,-23.8648,-52.8769
TUPASSI,PR,4127957,-24.5879,-53.5105
TURVO,PR,4127965,-25.0437,-51.5282
UBIRATA,PR,4128005,-24.5393,-52.9865
UMUARAMA,PR,4128104,-23.7656,-53.3201
UNIAO DA VITORIA,PR,4128203,-26.2273,-51.0873
UNIFLOR,PR,4128302,-23.0868,-52.1573
URAI,PR,4128401,-23.2,-50.7939
VENTANIA,PR,4128534,-24.2458,-50.2376
VERA CRUZ DO OESTE,PR,4128559,-25.0577,-53.8771
VERE,PR,4128609,-25.8772,-52.9051
VIRMOND,PR,4128658,-25.3829,-52.1987
VITORINO,PR,4128708,-26.2683,-52.7843
WENCESLAU BRAZ,PR,4128500,-23.8742,-49.8032
XAMBRE,PR,4128807,-23.7364,-53.4884
ANGRA DOS REIS,RJ,3300100,-23.0011,-44.3196
APERIBE,RJ,3300159,-21.6252,-42.1017
ARARUAMA,RJ,3300209,-22.8697,-42.3326
AREAL,RJ,3300225,-22.2283,-43.1118
ARMACAO DOS BUZIOS,RJ,3300233,-22.7528,-41.8846
ARRAIAL DO CABO,RJ,3300258,-22.9774,-42.0267
BARRA DO PIRAI,RJ,3300308,-22.4715,-43.8269
BARRA MANSA,RJ,3300407,-22.5481,-44.1752
BELFORD ROXO,RJ,3300456,-22.764,-43.3992
BOM JARDIM,RJ,3300506,-22.1545,-42.4251
BOM JESUS DO ITABAPOANA,RJ,3300605,-21.1449,-41.6822
CABO FRIO,RJ,3300704,-22.8894,-42.0286
CACHOEIRAS DE MACACU,RJ,3300803,-22.4658,-42.6523
CAMBUCI,RJ,3300902,-21.5691,-41.9187
CAMPOS DOS GOYTACAZES,RJ,3301009,-21.7622,-41.3181
CANTAGALO,RJ,3301108,-21.9797,-42.3664
CARAPEBUS,RJ,3300936,-22.1821,-41.663
CARDOSO MOREIRA,RJ,3301157,-21.4846,-41.6165
CARMO,RJ,3301207,-21.931,-42.6046
CASIMIRO DE ABREU,RJ,3301306,-22.4812,-42.2066
COMENDADOR LEVY GASPARIAN,RJ,3300951,-22.0404,-43.214
CONCEICAO DE MACABU,RJ,3301405,-22.0834,-41.8719
CORDEIRO,RJ,3301504,-22.0267,-42.3648
DUAS BARRAS,RJ,3301603,-22.0536,-42.5232
DUQUE DE CAXIAS,RJ,3301702,-22.7858,-43.3049
ENGENHEIRO PAULO DE FRONTIN,RJ,3301801,-22.5498,-43.6827
GUAPIMIRIM,RJ,3301850,-22.5347,-42.9895
IGUABA GRANDE,RJ,3301876,-22.8495,-42.2299
ITABORAI,RJ,3301900,-22.7565,-42.8639
ITAGUAI,RJ,3302007,-22.8636,-43.7798
ITALVA,RJ,3302056,-21.4296,-41.7014
ITAOCARA,RJ,3302106,-21.6748,-42.0758
ITAPERUNA,RJ,3302205,-21.1997,-41.8799
ITATIAIA,RJ,3302254,-22.4897,-44.5675
JAPERI,RJ,3302270,-22.6435,-43.6602
LAJE DO MURIAE,RJ,3302304,-21.2091,-42.1271
MACAE,RJ,3302403,-22.3768,-41.7848
MACUCO,RJ,3302452,-21.9813,-42.2533
MAGE,RJ,3302502,-22.6632,-43.0315
MANGARATIBA,RJ,3302601,-22.9594,-44.0409
MARICA,RJ,3302700,-22.9354,-42.8246
MENDES,RJ,3302809,-22.5245,-43.7312
MESQUITA,RJ,3302858,-22.8028,-43.4601
MIGUEL PEREIRA,RJ,3302908,-22.4572,-43.4803
MIRACEMA,RJ,3303005,-21.4148,-42.1938
NATIVIDADE,RJ,3303104,-21.039,-41.9697
NILOPOLIS,RJ,3303203,-22.8057,-43.4233
NITEROI,RJ,3303302,-22.8832,-43.1034
NOVA FRIBURGO,RJ,3303401,-22.2932,-42.5377
NOVA IGUACU,RJ,3303500,-22.7556,-43.4603
PARACAMBI,RJ,3303609,-22.6078,-43.7108
PARAIBA DO SUL,RJ,3303708,-22.1585,-43.304
PARATY,RJ,3303807,-23.2221,-44.7175
PATY DO ALFERES,RJ,3303856,-22.4309,-43.4285
PETROPOLIS,RJ,3303906,-22.52,-43.1926
PINHEIRAL,RJ,3303955,-22.5172,-44.0022
PIRAI,RJ,3304003,-22.6215,-43.9081
PORCIUNCULA,RJ,3304102,-20.9632,-42.0465
PORTO REAL,RJ,3304110,-22.4175,-44.2952
QUATIS,RJ,3304128,-22.4045,-44.2597
QUEIMADOS,RJ,3304144,-22.7102,-43.5518
QUISSAMA,RJ,3304151,-22.1031,-41.4693
RESENDE,RJ,3304201,-22.4705,-44.4509
RIO BONITO,RJ,3304300,-22.7181,-42.6276
RIO CLARO,RJ,3304409,-22.72,-44.1419
RIO DAS FLORES,RJ,3304508,-22.1692,-43.5856
RIO DAS OSTRAS,RJ,3304524,-22.5174,-41.9475
RIO DE JANEIRO,RJ,3304557,-22.9129,-43.2003
SANTA MARIA MADALENA,RJ,3304607,-21.9547,-42.0098
SANTO ANTONIO DE PADUA,RJ,3304706,-21.541,-42.1832
SAO FIDELIS,RJ,3304805,-21.6551,-41.756
SAO FRANCISCO DE ITABAPOANA,RJ,3304755,-21.4702,-41.1091
SAO GONCALO,RJ,3304904,-22.8268,-43.0634
SAO JOAO DA BARRA,RJ,3305000,-21.638,-41.0446
SAO JOAO DE MERITI,RJ,3305109,-22.8058,-43.3729
SAO JOSE DE UBA,RJ,3305133,-21.3661,-41.9511
SAO JOSE DO VALE DO RIO PRETO,RJ,3305158,-22.1525,-42.9327
SAO PEDRO DA ALDEIA,RJ,3305208,-22.8429,-42.1026
SAO SEBASTIAO DO ALTO,RJ,3305307,-21.9578,-42.1328
SAPUCAIA,RJ,3305406,-21.9949,-42.9142
SAQUAREMA,RJ,3305505,-22.9292,-42.5099
SEROPEDICA,RJ,3305554,-22.7526,-43.7155
SILVA JARDIM,RJ,3305604,-22.6574,-42.3961
SUMIDOURO,RJ,3305703,-22.0485,-42.6761
TANGUA,RJ,3305752,-22.7423,-42.7202
TERESOPOLIS,RJ,3305802,-22.4165,-42.9752
TRAJANO DE MORAES,RJ,3305901,-22.0638,-42.0643
TRES RIOS,RJ,3306008,-22.1165,-43.2185
VALENCA,RJ,3306107,-22.2445,-43.7129
VARRE-SAI,RJ,3306156,-20.9276,-41.8701
VASSOURAS,RJ,3306206,-22.4059,-43.6686
VOLTA REDONDA,RJ,3306305,-22.5202,-44.0996
ACARI,RN,2400109,-6.4282,-36.6347
ACU,RN,2400208,-5.58362,-36.914
AFONSO BEZERRA,RN,2400307,-5.49229,-36.5075
AGUA NOVA,RN,2400406,-6.20351,-38.2941
ALEXANDRIA,RN,2400505,-6.40533,-38.0142
ALMINO AFONSO,RN,2400604,-6.1475,-37.7636
ALTO DO RODRIGUES,RN,2400703,-5.28186,-36.75
ANGICOS,RN,2400802,-5.65792,-36.6094
ANTONIO MARTINS,RN,2400901,-6.21367,-37.8834
APODI,RN,2401008,-5.65349,-37.7946
AREIA BRANCA,RN,2401107,-4.95254,-37.1252
ARES,RN,2401206,-6.18831,-35.1608
AUGUSTO SEVERO,RN,2401305,-5.86206,-37.3135
BAIA FORMOSA,RN,2401404,-6.37161,-35.0033
BARAUNA,RN,2401453,-5.06977,-37.6129
BARCELONA,RN,2401503,-5.94284,-35.9247
BENTO FERNANDES,RN,2401602,-5.69906,-35.813
BODO,RN,2401651,-5.98027,-36.4167
BOM JESUS,RN,2401701,-5.98648,-35.5792
BREJINHO,RN,2401800,-6.18566,-35.3591
CAICARA DO NORTE,RN,2401859,-5.07091,-36.0717
CAICARA DO RIO DO VENTO,RN,2401909,-5.76541,-35.9938
CAICO,RN,2402006,-6.45441,-37.1067
CAMPO REDONDO,RN,2402105,-6.23829,-36.1888
CANGUARETAMA,RN,2402204,-6.37193,-35.1281
CARAUBAS,RN,2402303,-5.78387,-37.5586
CARNAUBA DOS DANTAS,RN,2402402,-6.55015,-36.5868
CARNAUBAIS,RN,2402501,-5.34181,-36.8335
CEARA-MIRIM,RN,2402600,-5.64323,-35.4247
CERRO CORA,RN,2402709,-6.03503,-36.3503
CORONEL EZEQUIEL,RN,2402808,-6.3748,-36.2223
CORONEL JOAO PESSOA,RN,2402907,-6.24974,-38.4441
CRUZETA,RN,2403004,-6.40894,-36.7782
CURRAIS NOVOS,RN,2403103,-6.25484,-36.5146
DOUTOR SEVERIANO,RN,2403202,-6.08082,-38.3794
ENCANTO,RN,2403301,-6.10691,-38.3033
EQUADOR,RN,2403400,-6.93835,-36.717
ESPIRITO SANTO,RN,2403509,-6.33563,-35.3052
EXTREMOZ,RN,2403608,-5.70143,-35.3048
FELIPE GUERRA,RN,2403707,-5.59274,-37.6875
FERNANDO PEDROZA,RN,2403756,-5.69096,-36.5282
FLORANIA,RN,2403806,-6.12264,-36.8226
FRANCISCO DANTAS,RN,2403905,-6.07234,-38.1212
FRUTUOSO GOMES,RN,2404002,-6.15669,-37.8375
GALINHOS,RN,2404101,-5.0909,-36.2754
GOIANINHA,RN,2404200,-6.26486,-35.1943
GOVERNADOR DIX-SEPT ROSADO,RN,2404309,-5.44887,-37.5183
GROSSOS,RN,2404408,-4.98068,-37.1621
GUAMARE,RN,2404507,-5.10619,-36.3222
IELMO MARINHO,RN,2404606,-5.82447,-35.55
IPANGUACU,RN,2404705,-5.48984,-36.8501
IPUEIRA,RN,2404804,-6.80596,-37.2045
ITAJA,RN,2404853,-5.63894,-36.8712
ITAU,RN,2404903,-5.8363,-37.9912
JACANA,RN,2405009,-6.41856,-36.2031
JANDAIRA,RN,2405108,-5.35211,-36.1278
JANDUIS,RN,2405207,-6.01474,-37.4048
JANUARIO CICCO,RN,2405306,-6.16566,-35.6219
JAPI,RN,2405405,-6.46544,-35.9346
JARDIM DE ANGICOS,RN,2405504,-5.64999,-35.9713
JARDIM DE PIRANHAS,RN,2405603,-6.37665,-37.3496
JARDIM DO SERIDO,RN,2405702,-6.58047,-36.7736
JOAO CAMARA,RN,2405801,-5.54094,-35.8122
JOAO DIAS,RN,2405900,-6.27215,-37.7885
JOSE DA PENHA,RN,2406007,-6.31095,-38.2823
JUCURUTU,RN,2406106,-6.0306,-37.009
JUNDIA,RN,2406155,-6.26866,-35.3495
LAGOA DE PEDRAS,RN,2406304,-6.15082,-35.4299
LAGOA DE VELHOS,RN,2406403,-6.0119,-35.8729
LAGOA D`ANTA,RN,2406205,-6.39493,-35.5949
LAGOA NOVA,RN,2406502,-6.09339,-36.4703
LAGOA SALGADA,RN,2406601,-6.12295,-35.4724
LAJES,RN,2406700,-5.69322,-36.247
LAJES PINTADAS,RN,2406809,-6.14943,-36.1171
LUCRECIA,RN,2406908,-6.10525,-37.8134
LUIS GOMES,RN,2407005,-6.40588,-38.3899
MACAIBA,RN,2407104,-5.85229,-35.3552
MACAU,RN,2407203,-5.10795,-36.6318
MAJOR SALES,RN,2407252,-6.39949,-38.324
MARCELINO VIEIRA,RN,2407302,-6.2846,-38.1642
MARTINS,RN,2407401,-6.08279,-37.908
MAXARANGUAPE,RN,2407500,-5.52181,-35.2631
MESSIAS TARGINO,RN,2407609,-6.07194,-37.5158
MONTANHAS,RN,2407708,-6.48522,-35.2842
MONTE ALEGRE,RN,2407807,-6.07063,-35.3253
MONTE DAS GAMELEIRAS,RN,2407906,-6.43698,-35.7831
MOSSORO,RN,2408003,-5.18374,-37.3474
NATAL,RN,2408102,-5.79357,-35.1986
NISIA FLORESTA,RN,2408201,-6.09329,-35.1991
NOVA CRUZ,RN,2408300,-6.47511,-35.4286
OLHO-D`AGUA DO BORGES,RN,2408409,-5.9486,-37.7047
OURO BRANCO,RN,2408508,-6.6958,-36.9428
PARANA,RN,2408607,-6.47565,-38.3057
PARAU,RN,2408706,-5.76893,-37.1032
PARAZINHO,RN,2408805,-5.22276,-35.8398
PARELHAS,RN,2408904,-6.68491,-36.6566
PARNAMIRIM,RN,2403251,-5.91116,-35.271
PASSA E FICA,RN,2409100,-6.43018,-35.6442
PASSAGEM,RN,2409209,-6.27268,-35.37
PATU,RN,2409308,-6.10656,-37.6356
PAU DOS FERROS,RN,2409407,-6.10498,-38.2077
PEDRA GRANDE,RN,2409506,-5.14988,-35.876
PEDRA PRETA,RN,2409605,-5.57352,-36.1084
PEDRO AVELINO,RN,2409704,-5.5161,-36.3867
PEDRO VELHO,RN,2409803,-6.4356,-35.2195
PENDENCIAS,RN,2409902,-5.2564,-36.7095
PILOES,RN,2410009,-6.26364,-38.0461
POCO BRANCO,RN,2410108,-5.62233,-35.6635
PORTALEGRE,RN,2410207,-6.02064,-37.9865
PORTO DO MANGUE,RN,2410256,-5.05441,-36.7887
PUREZA,RN,2410405,-5.46393,-35.5554
RAFAEL FERNANDES,RN,2410504,-6.18987,-38.2211
RAFAEL GODEIRO,RN,2410603,-6.07244,-37.716
RIACHO DA CRUZ,RN,2410702,-5.92654,-37.949
RIACHO DE SANTANA,RN,2410801,-6.25139,-38.3116
RIACHUELO,RN,2410900,-5.82156,-35.8215
RIO DO FOGO,RN,2408953,-5.2765,-35.3794
RODOLFO FERNANDES,RN,2411007,-5.78393,-38.0579
RUY BARBOSA,RN,2411106,-5.88745,-35.933
SANTA CRUZ,RN,2411205,-6.22475,-36.0193
SANTA MARIA,RN,2409332,-5.83802,-35.6914
SANTANA DO MATOS,RN,2411403,-5.94605,-36.6578
SANTANA DO SERIDO,RN,2411429,-6.76643,-36.7312
SANTO ANTONIO,RN,2411502,-6.31195,-35.4739
SAO BENTO DO NORTE,RN,2411601,-5.09259,-35.9587
SAO BENTO DO TRAIRI,RN,2411700,-6.33798,-36.0863
SAO FERNANDO,RN,2411809,-6.37975,-37.1864
SAO FRANCISCO DO OESTE,RN,2411908,-5.97472,-38.1519
SAO GONCALO DO AMARANTE,RN,2412005,-5.79068,-35.3257
SAO JOAO DO SABUGI,RN,2412104,-6.71387,-37.2027
SAO JOSE DE MIPIBU,RN,2412203,-6.0773,-35.2417
SAO JOSE DO CAMPESTRE,RN,2412302,-6.31087,-35.7067
SAO JOSE DO SERIDO,RN,2412401,-6.44002,-36.8746
SAO MIGUEL,RN,2412500,-6.20283,-38.4947
SAO MIGUEL DO GOSTOSO,RN,2412559,-5.12302,-35.6354
SAO PAULO DO POTENGI,RN,2412609,-5.8994,-35.7642
SAO PEDRO,RN,2412708,-5.90559,-35.6317
SAO RAFAEL,RN,2412807,-5.79791,-36.8778
SAO TOME,RN,2412906,-5.96404,-36.0798
SAO VICENTE,RN,2413003,-6.21893,-36.6827
SENADOR ELOI DE SOUZA,RN,2413102,-6.03334,-35.6978
SENADOR GEORGINO AVELINO,RN,2413201,-6.1576,-35.1299
SERRA CAIADA,RN,2410306,-6.10478,-35.7113
SERRA DE SAO BENTO,RN,2413300,-6.41762,-35.7033
SERRA DO MEL,RN,2413359,-5.17725,-37.0242
SERRA NEGRA DO NORTE,RN,2413409,-6.66031,-37.3996
SERRINHA,RN,2413508,-6.28181,-35.5
SERRINHA DOS PINTOS,RN,2413557,-6.11087,-37.9548
SEVERIANO MELO,RN,2413607,-5.77666,-37.957
SITIO NOVO,RN,2413706,-6.11132,-35.909
TABOLEIRO GRANDE,RN,2413805,-5.91948,-38.0367
TAIPU,RN,2413904,-5.63058,-35.5918
TANGARA,RN,2414001,-6.19649,-35.7989
TENENTE ANANIAS,RN,2414100,-6.45823,-38.182
TENENTE LAURENTINO CRUZ,RN,2414159,-6.1378,-36.7135
TIBAU,RN,2411056,-4.83729,-37.2554
TIBAU DO SUL,RN,2414209,-6.19176,-35.0866
TIMBAUBA DOS BATISTAS,RN,2414308,-6.45768,-37.2745
TOUROS,RN,2414407,-5.20182,-35.4621
TRIUNFO POTIGUAR,RN,2414456,-5.85408,-37.1786
UMARIZAL,RN,2414506,-5.98238,-37.818
UPANEMA,RN,2414605,-5.63761,-37.2635
VARZEA,RN,2414704,-6.34641,-35.3732
VENHA-VER,RN,2414753,-6.32016,-38.4896
VERA CRUZ,RN,2414803,-6.04399,-35.428
VICOSA,RN,2414902,-5.98253,-37.9462
VILA FLOR,RN,2415008,-6.31287,-35.067
ALTA FLORESTA D`OESTE,RO,1100015,-11.9283,-61.9953
ALTO ALEGRE DOS PARECIS,RO,1100379,-12.132,-61.835
ALTO PARAISO,RO,1100403,-9.71429,-63.3188
ALVORADA D`OESTE,RO,1100346,-11.3463,-62.2847
ARIQUEMES,RO,1100023,-9.90571,-63.0325
BURITIS,RO,1100452,-10.1943,-63.8324
CABIXI,RO,1100031,-13.4945,-60.552
CACAULANDIA,RO,1100601,-10.349,-62.9043
CACOAL,RO,1100049,-11.4343,-61.4562
CAMPO NOVO DE RONDONIA,RO,1100700,-10.5712,-63.6266
CANDEIAS DO JAMARI,RO,1100809,-8.7907,-63.7005
CASTANHEIRAS,RO,1100908,-11.4253,-61.9482
CEREJEIRAS,RO,1100056,-13.187,-60.8168
CHUPINGUAIA,RO,1100924,-12.5611,-60.8877
COLORADO DO OESTE,RO,1100064,-13.1174,-60.5454
CORUMBIARA,RO,1100072,-12.9551,-60.8947
COSTA MARQUES,RO,1100080,-12.4367,-64.228
CUJUBIM,RO,1100940,-9.36065,-62.5846
ESPIGAO D`OESTE,RO,1100098,-11.5266,-61.0252
GOVERNADOR JORGE TEIXEIRA,RO,1101005,-10.61,-62.7371
GUAJARA-MIRIM,RO,1100106,-10.7889,-65.3296
ITAPUA DO OESTE,RO,1101104,-9.19687,-63.1809
JARU,RO,1100114,-10.4318,-62.4788
JI-PARANA,RO,1100122,-10.8777,-61.9322
MACHADINHO D`OESTE,RO,1100130,-9.44363,-61.9818
MINISTRO ANDREAZZA,RO,1101203,-11.196,-61.5174
MIRANTE DA SERRA,RO,1101302,-11.029,-62.6696
MONTE NEGRO,RO,1101401,-10.2458,-63.29
NOVA BRASILANDIA D`OESTE,RO,1100148,-11.7247,-62.3127
NOVA MAMORE,RO,1100338,-10.4077,-65.3346
NOVA UNIAO,RO,1101435,-10.9068,-62.5564
NOVO HORIZONTE DO OESTE,RO,1100502,-11.6961,-61.9951
OURO PRETO DO OESTE,RO,1100155,-10.7167,-62.2565
PARECIS,RO,1101450,-12.1754,-61.6032
PIMENTA BUENO,RO,1100189,-11.672,-61.198
PIMENTEIRAS DO OESTE,RO,1101468,-13.4823,-61.0471
PORTO VELHO,RO,1100205,-8.76077,-63.8999
PRESIDENTE MEDICI,RO,1100254,-11.169,-61.8986
PRIMAVERA DE RONDONIA,RO,1101476,-11.8295,-61.3153
RIO CRESPO,RO,1100262,-9.69965,-62.9011
ROLIM DE MOURA,RO,1100288,-11.7271,-61.7714
SANTA LUZIA D`OESTE,RO,1100296,-11.9074,-61.7777
SAO FELIPE D`OESTE,RO,1101484,-11.9023,-61.5026
SAO FRANCISCO DO GUAPORE,RO,1101492,-12.052,-63.568
SAO MIGUEL DO GUAPORE,RO,1100320,-11.6953,-62.7192
SERINGUEIRAS,RO,1101500,-11.8055,-63.0182
TEIXEIROPOLIS,RO,1101559,-10.9056,-62.242
THEOBROMA,RO,1101609,-10.2483,-62.3538
URUPA,RO,1101708,-11.1261,-62.3639
VALE DO ANARI,RO,1101757,-9.86215,-62.1876
VALE DO PARAISO,RO,1101807,-10.4465,-62.1352
VILHENA,RO,1100304,-12.7502,-60.1488
ALTO ALEGRE,RR,1400050,2.98858,-61.3072
AMAJARI,RR,1400027,3.64571,-61.3692
BOA VISTA,RR,1400100,2.82384,-60.6753
BONFIM,RR,1400159,3.36161,-59.8333
CANTA,RR,1400175,2.60994,-60.6058
CARACARAI,RR,1400209,1.82766,-61.1304
CAROEBE,RR,1400233,0.884203,-59.6959
IRACEMA,RR,1400282,2.18305,-61.0415
MUCAJAI,RR,1400308,2.43998,-60.9096
NORMANDIA,RR,1400407,3.8853,-59.6204
PACARAIMA,RR,1400456,4.4799,-61.1477
RORAINOPOLIS,RR,1400472,0.939956,-60.4389
SAO JOAO DA BALIZA,RR,1400506,0.951659,-59.9133
SAO LUIZ,RR,1400605,1.01019,-60.0419
UIRAMUTA,RR,1400704,4.60314,-60.1815
ACEGUA,RS,4300034,-31.8665,-54.1615
AGUA SANTA,RS,4300059,-28.1672,-52.031
AGUDO,RS,4300109,-29.6447,-53.2515
AJURICABA,RS,4300208,-28.2342,-53.7757
ALECRIM,RS,4300307,-27.6579,-54.7649
ALEGRETE,RS,4300406,-29.7902,-55.7949
ALEGRIA,RS,4300455,-27.8345,-54.0557
ALMIRANTE TAMANDARE DO SUL,RS,4300471,-28.1149,-52.9142
ALPESTRE,RS,4300505,-27.2502,-53.0341
ALTO ALEGRE,RS,4300554,-28.7769,-52.9893
ALTO FELIZ,RS,4300570,-29.3919,-51.3123
ALVORADA,RS,4300604,-29.9914,-51.0809
AMARAL FERRADOR,RS,4300638,-30.8756,-52.2509
AMETISTA DO SUL,RS,4300646,-27.3607,-53.183
ANDRE DA ROCHA,RS,4300661,-28.6283,-51.5797
ANTA GORDA,RS,4300703,-28.9698,-52.0102
ANTONIO PRADO,RS,4300802,-28.8565,-51.2883
ARAMBARE,RS,4300851,-30.9092,-51.5046
ARARICA,RS,4300877,-29.6168,-50.9291
ARATIBA,RS,4300901,-27.3978,-52.2975
ARROIO DO MEIO,RS,4301008,-29.4014,-51.9557
ARROIO DO PADRE,RS,4301073,-31.4389,-52.4246
ARROIO DO SAL,RS,4301057,-29.5439,-49.8895
ARROIO DO TIGRE,RS,4301206,-29.3348,-53.0966
ARROIO DOS RATOS,RS,4301107,-30.0875,-51.7275
ARROIO GRANDE,RS,4301305,-32.2327,-53.0862
ARVOREZINHA,RS,4301404,-28.8737,-52.1781
AUGUSTO PESTANA,RS,4301503,-28.5172,-53.9883
AUREA,RS,4301552,-27.6936,-52.0505
BAGE,RS,4301602,-31.3297,-54.0999
BALNEARIO PINHAL,RS,4301636,-30.2419,-50.2337
BARAO,RS,4301651,-29.3725,-51.4949
BARAO DE COTEGIPE,RS,4301701,-27.6208,-52.3798
BARAO DO TRIUNFO,RS,4301750,-30.3891,-51.7384
BARRA DO GUARITA,RS,4301859,-27.1927,-53.7109
BARRA DO QUARAI,RS,4301875,-30.2029,-57.5497
BARRA DO RIBEIRO,RS,4301909,-30.2939,-51.3014
BARRA DO RIO AZUL,RS,4301925,-27.4069,-52.4084
BARRA FUNDA,RS,4301958,-27.9205,-53.0391
BARRACAO,RS,4301800,-27.6739,-51.4585
BARROS CASSAL,RS,4302006,-29.0947,-52.5836
BENJAMIN CONSTANT DO SUL,RS,4302055,-27.5086,-52.5995
BENTO GONCALVES,RS,4302105,-29.1662,-51.5165
BOA VISTA DAS MISSOES,RS,4302154,-27.6671,-53.3102
BOA VISTA DO BURICA,RS,4302204,-27.6693,-54.1082
BOA VISTA DO CADEADO,RS,4302220,-28.5791,-53.8108
BOA VISTA DO INCRA,RS,4302238,-28.8185,-53.391
BOA VISTA DO SUL,RS,4302253,-29.3544,-51.6687
BOM JESUS,RS,4302303,-28.6697,-50.4295
BOM PRINCIPIO,RS,4302352,-29.4856,-51.3548
BOM PROGRESSO,RS,4302378,-27.5399,-53.8716
BOM RETIRO DO SUL,RS,4302402,-29.6071,-51.9456
BOQUEIRAO DO LEAO,RS,4302451,-29.3046,-52.4284
BOSSOROCA,RS,4302501,-28.7291,-54.9035
BOZANO,RS,4302584,-28.3659,-53.772
BRAGA,RS,4302600,-27.6173,-53.7405
BROCHIER,RS,4302659,-29.5501,-51.5945
BUTIA,RS,4302709,-30.1179,-51.9601
CACAPAVA DO SUL,RS,4302808,-30.5144,-53.4827
CACEQUI,RS,4302907,-29.8883,-54.822
CACHOEIRA DO SUL,RS,4303004,-30.033,-52.8928
CACHOEIRINHA,RS,4303103,-29.9472,-51.1016
CACIQUE DOBLE,RS,4303202,-27.767,-51.6597
CAIBATE,RS,4303301,-28.2905,-54.6454
CAICARA,RS,4303400,-27.2791,-53.4257
CAMAQUA,RS,4303509,-30.8489,-51.8043
CAMARGO,RS,4303558,-28.588,-52.2003
CAMBARA DO SUL,RS,4303608,-29.0474,-50.1465
CAMPESTRE DA SERRA,RS,4303673,-28.7926,-51.0941
CAMPINA DAS MISSOES,RS,4303707,-27.9888,-54.8416
CAMPINAS DO SUL,RS,4303806,-27.7174,-52.6248
CAMPO BOM,RS,4303905,-29.6747,-51.0606
CAMPO NOVO,RS,4304002,-27.6792,-53.8052
CAMPOS BORGES,RS,4304101,-28.8871,-53.0008
CANDELARIA,RS,4304200,-29.6684,-52.7895
CANDIDO GODOI,RS,4304309,-27.9515,-54.7517
CANDIOTA,RS,4304358,-31.5516,-53.6773
CANELA,RS,4304408,-29.356,-50.8119
CANGUCU,RS,4304507,-31.396,-52.6783
CANOAS,RS,4304606,-29.9128,-51.1857
CANUDOS DO VALE,RS,4304614,-29.3271,-52.2374
CAPAO BONITO DO SUL,RS,4304622,-28.1254,-51.3961
CAPAO DA CANOA,RS,4304630,-29.7642,-50.0282
CAPAO DO CIPO,RS,4304655,-28.9312,-54.5558
CAPAO DO LEAO,RS,4304663,-31.7565,-52.4889
CAPELA DE SANTANA,RS,4304689,-29.6961,-51.328
CAPITAO,RS,4304697,-29.2674,-51.9853
CAPIVARI DO SUL,RS,4304671,-30.1383,-50.5152
CARAA,RS,4304713,-29.7869,-50.4316
CARAZINHO,RS,4304705,-28.2958,-52.7933
CARLOS BARBOSA,RS,4304804,-29.2969,-51.5028
CARLOS GOMES,RS,4304853,-27.7167,-51.9121
CASCA,RS,4304903,-28.5605,-51.9815
CASEIROS,RS,4304952,-28.2582,-51.6861
CATUIPE,RS,4305009,-28.2554,-54.0132
CAXIAS DO SUL,RS,4305108,-29.1629,-51.1792
CENTENARIO,RS,4305116,-27.7615,-51.9984
CERRITO,RS,4305124,-31.8419,-52.8004
CERRO BRANCO,RS,4305132,-29.657,-52.9406
CERRO GRANDE,RS,4305157,-27.6106,-53.1672
CERRO GRANDE DO SUL,RS,4305173,-30.5905,-51.7418
CERRO LARGO,RS,4305207,-28.1463,-54.7428
CHAPADA,RS,4305306,-28.0559,-53.0665
CHARQUEADAS,RS,4305355,-29.9625,-51.6289
CHARRUA,RS,4305371,-27.9493,-52.015
CHIAPETTA,RS,4305405,-27.923,-53.9419
CHUI,RS,4305439,-33.6866,-53.4594
CHUVISCA,RS,4305447,-30.7504,-51.9737
CIDREIRA,RS,4305454,-30.1604,-50.2337
CIRIACO,RS,4305504,-28.3419,-51.8741
COLINAS,RS,4305587,-29.3948,-51.8556
COLORADO,RS,4305603,-28.5258,-52.9928
CONDOR,RS,4305702,-28.2075,-53.4905
CONSTANTINA,RS,4305801,-27.732,-52.9938
COQUEIRO BAIXO,RS,4305835,-29.1802,-52.0942
COQUEIROS DO SUL,RS,4305850,-28.1194,-52.7842
CORONEL BARROS,RS,4305871,-28.3921,-54.0686
CORONEL BICACO,RS,4305900,-27.7197,-53.7022
CORONEL PILAR,RS,4305934,-29.2695,-51.6847
COTIPORA,RS,4305959,-28.9891,-51.6971
COXILHA,RS,4305975,-28.128,-52.3023
CRISSIUMAL,RS,4306007,-27.4999,-54.0994
CRISTAL,RS,4306056,-31.0046,-52.0436
CRISTAL DO SUL,RS,4306072,-27.452,-53.2422
CRUZ ALTA,RS,4306106,-28.645,-53.6048
CRUZALTENSE,RS,4306130,-27.6672,-52.6522
CRUZEIRO DO SUL,RS,4306205,-29.5148,-51.9928
DAVID CANABARRO,RS,4306304,-28.3849,-51.8482
DERRUBADAS,RS,4306320,-27.2642,-53.8645
DEZESSEIS DE NOVEMBRO,RS,4306353,-28.219,-55.0617
DILERMANDO DE AGUIAR,RS,4306379,-29.7054,-54.2122
DOIS IRMAOS,RS,4306403,-29.5836,-51.0898
DOIS IRMAOS DAS MISSOES,RS,4306429,-27.6621,-53.5304
DOIS LAJEADOS,RS,4306452,-28.983,-51.8396
DOM FELICIANO,RS,4306502,-30.7004,-52.1026
DOM PEDRITO,RS,4306601,-30.9756,-54.6694
DOM PEDRO DE ALCANTARA,RS,4306551,-29.3639,-49.853
DONA FRANCISCA,RS,4306700,-29.6195,-53.3617
DOUTOR MAURICIO CARDOSO,RS,4306734,-27.5103,-54.3577
DOUTOR RICARDO,RS,4306759,-29.084,-51.9972
ELDORADO DO SUL,RS,4306767,-30.0847,-51.6187
ENCANTADO,RS,4306809,-29.2351,-51.8703
ENCRUZILHADA DO SUL,RS,4306908,-30.543,-52.5204
ENGENHO VELHO,RS,4306924,-27.706,-52.9145
ENTRE RIOS DO SUL,RS,4306957,-27.5298,-52.7347
ENTRE-IJUIS,RS,4306932,-28.3686,-54.2686
EREBANGO,RS,4306973,-27.8544,-52.3005
ERECHIM,RS,4307005,-27.6364,-52.2697
ERNESTINA,RS,4307054,-28.4977,-52.5836
ERVAL GRANDE,RS,4307203,-27.3926,-52.574
ERVAL SECO,RS,4307302,-27.5443,-53.5005
ESMERALDA,RS,4307401,-28.0518,-51.1933
ESPERANCA DO SUL,RS,4307450,-27.3603,-53.9891
ESPUMOSO,RS,4307500,-28.7286,-52.8461
ESTACAO,RS,4307559,-27.9135,-52.2635
ESTANCIA VELHA,RS,4307609,-29.6535,-51.1843
ESTEIO,RS,4307708,-29.852,-51.1841
ESTRELA,RS,4307807,-29.5002,-51.9495
ESTRELA VELHA,RS,4307815,-29.1713,-53.1639
EUGENIO DE CASTRO,RS,4307831,-28.5315,-54.1506
FAGUNDES VARELA,RS,4307864,-28.8794,-51.7014
FARROUPILHA,RS,4307906,-29.2227,-51.3419
FAXINAL DO SOTURNO,RS,4308003,-29.5788,-53.4484
FAXINALZINHO,RS,4308052,-27.4238,-52.6789
FAZENDA VILANOVA,RS,4308078,-29.5885,-51.8217
FELIZ,RS,4308102,-29.4527,-51.3032
FLORES DA CUNHA,RS,4308201,-29.0261,-51.1875
FLORIANO PEIXOTO,RS,4308250,-27.8614,-52.0838
FONTOURA XAVIER,RS,4308300,-28.9817,-52.3445
FORMIGUEIRO,RS,4308409,-30.0035,-53.4959
FORQUETINHA,RS,4308433,-29.3828,-52.0981
FORTALEZA DOS VALOS,RS,4308458,-28.7986,-53.2249
FREDERICO WESTPHALEN,RS,4308508,-27.3586,-53.3958
GARIBALDI,RS,4308607,-29.259,-51.5352
GARRUCHOS,RS,4308656,-28.1944,-55.6383
GAURAMA,RS,4308706,-27.5856,-52.0915
GENERAL CAMARA,RS,4308805,-29.9032,-51.7612
GENTIL,RS,4308854,-28.4316,-52.0337
GETULIO VARGAS,RS,4308904,-27.8911,-52.2294
GIRUA,RS,4309001,-28.0297,-54.3517
GLORINHA,RS,4309050,-29.8798,-50.7734
GRAMADO,RS,4309100,-29.3734,-50.8762
GRAMADO DOS LOUREIROS,RS,4309126,-27.4429,-52.9149
GRAMADO XAVIER,RS,4309159,-29.2706,-52.5795
GRAVATAI,RS,4309209,-29.9413,-50.9869
GUABIJU,RS,4309258,-28.5421,-51.6948
GUAIBA,RS,4309308,-30.1086,-51.3233
GUAPORE,RS,4309407,-28.8399,-51.8895
GUARANI DAS MISSOES,RS,4309506,-28.1491,-54.5629
HARMONIA,RS,4309555,-29.5456,-51.4185
HERVAL,RS,4307104,-32.024,-53.3944
HERVEIRAS,RS,4309571,-29.4552,-52.6553
HORIZONTINA,RS,4309605,-27.6282,-54.3053
HULHA NEGRA,RS,4309654,-31.4067,-53.8667
HUMAITA,RS,4309704,-27.5691,-53.9695
IBARAMA,RS,4309753,-29.4203,-53.1295
IBIACA,RS,4309803,-28.0566,-51.8599
IBIRAIARAS,RS,4309902,-28.3741,-51.6377
IBIRAPUITA,RS,4309951,-28.6247,-52.5158
IBIRUBA,RS,4310009,-28.6302,-53.0961
IGREJINHA,RS,4310108,-29.5693,-50.7919
IJUI,RS,4310207,-28.388,-53.92
ILOPOLIS,RS,4310306,-28.9282,-52.1258
IMBE,RS,4310330,-29.9753,-50.1281
IMIGRANTE,RS,4310363,-29.3508,-51.7748
INDEPENDENCIA,RS,4310405,-27.8354,-54.1886
INHACORA,RS,4310413,-27.8752,-54.015
IPE,RS,4310439,-28.8171,-51.2859
IPIRANGA DO SUL,RS,4310462,-27.9404,-52.4271
IRAI,RS,4310504,-27.1951,-53.2543
ITAARA,RS,4310538,-29.6013,-53.7725
ITACURUBI,RS,4310553,-28.7913,-55.2447
ITAPUCA,RS,4310579,-28.7768,-52.1693
ITAQUI,RS,4310603,-29.1311,-56.5515
ITATI,RS,4310652,-29.4974,-50.1016
ITATIBA DO SUL,RS,4310702,-27.3846,-52.4538
IVORA,RS,4310751,-29.5232,-53.5842
IVOTI,RS,4310801,-29.5995,-51.1533
JABOTICABA,RS,4310850,-27.6347,-53.2762
JACUIZINHO,RS,4310876,-29.0401,-53.0657
JACUTINGA,RS,4310900,-27.7291,-52.5372
JAGUARAO,RS,4311007,-32.5604,-53.377
JAGUARI,RS,4311106,-29.4936,-54.703
JAQUIRANA,RS,4311122,-28.8811,-50.3637
JARI,RS,4311130,-29.2922,-54.2237
JOIA,RS,4311155,-28.6435,-54.1141
JULIO DE CASTILHOS,RS,4311205,-29.2299,-53.6772
LAGOA BONITA DO SUL,RS,4311239,-29.4939,-53.017
LAGOA DOS TRES CANTOS,RS,4311270,-28.5676,-52.8618
LAGOA VERMELHA,RS,4311304,-28.2093,-51.5248
LAGOAO,RS,4311254,-29.2348,-52.7997
LAJEADO,RS,4311403,-29.4591,-51.9644
LAJEADO DO BUGRE,RS,4311429,-27.6913,-53.1818
LAVRAS DO SUL,RS,4311502,-30.8071,-53.8931
LIBERATO SALZANO,RS,4311601,-27.601,-53.0753
LINDOLFO COLLOR,RS,4311627,-29.5859,-51.2141
LINHA NOVA,RS,4311643,-29.4679,-51.2003
MACAMBARA,RS,4311718,-29.1445,-56.0674
MACHADINHO,RS,4311700,-27.5667,-51.6668
MAMPITUBA,RS,4311734,-29.2136,-49.9311
MANOEL VIANA,RS,4311759,-29.5859,-55.4841
MAQUINE,RS,4311775,-29.6798,-50.2079
MARATA,RS,4311791,-29.5457,-51.5573
MARAU,RS,4311809,-28.4498,-52.1986
MARCELINO RAMOS,RS,4311908,-27.4676,-51.9095
MARIANA PIMENTEL,RS,4311981,-30.353,-51.5803
MARIANO MORO,RS,4312005,-27.3568,-52.1467
MARQUES DE SOUZA,RS,4312054,-29.3311,-52.0973
MATA,RS,4312104,-29.5649,-54.4641
MATO CASTELHANO,RS,4312138,-28.28,-52.1932
MATO LEITAO,RS,4312153,-29.5285,-52.1278
MATO QUEIMADO,RS,4312179,-28.252,-54.6159
MAXIMILIANO DE ALMEIDA,RS,4312203,-27.6325,-51.802
MINAS DO LEAO,RS,4312252,-30.1346,-52.0423
MIRAGUAI,RS,4312302,-27.497,-53.6891
MONTAURI,RS,4312351,-28.6462,-52.0767
MONTE ALEGRE DOS CAMPOS,RS,4312377,-28.6805,-50.7834
MONTE BELO DO SUL,RS,4312385,-29.1607,-51.6333
MONTENEGRO,RS,4312401,-29.6824,-51.4679
MORMACO,RS,4312427,-28.6968,-52.6999
MORRINHOS DO SUL,RS,4312443,-29.3578,-49.9328
MORRO REDONDO,RS,4312450,-31.5887,-52.6261
MORRO REUTER,RS,4312476,-29.5379,-51.0811
MOSTARDAS,RS,4312500,-31.1054,-50.9167
MUCUM,RS,4312609,-29.163,-51.8714
MUITOS CAPOES,RS,4312617,-28.3132,-51.1836
MULITERNO,RS,4312625,-28.3253,-51.7697
NAO-ME-TOQUE,RS,4312658,-28.4548,-52.8182
NICOLAU VERGUEIRO,RS,4312674,-28.5298,-52.4676
NONOAI,RS,4312708,-27.3689,-52.7756
NOVA ALVORADA,RS,4312757,-28.6822,-52.1631
NOVA ARACA,RS,4312807,-28.6537,-51.7458
NOVA BASSANO,RS,4312906,-28.7291,-51.7072
NOVA BOA VISTA,RS,4312955,-27.9926,-52.9784
NOVA BRESCIA,RS,4313003,-29.2182,-52.0319
NOVA CANDELARIA,RS,4313011,-27.6137,-54.1074
NOVA ESPERANCA DO SUL,RS,4313037,-29.4066,-54.8293
NOVA HARTZ,RS,4313060,-29.5808,-50.9051
NOVA PADUA,RS,4313086,-29.0275,-51.3098
NOVA PALMA,RS,4313102,-29.471,-53.4689
NOVA PETROPOLIS,RS,4313201,-29.3741,-51.1136
NOVA PRATA,RS,4313300,-28.7799,-51.6113
NOVA RAMADA,RS,4313334,-28.0667,-53.6992
NOVA ROMA DO SUL,RS,4313359,-28.9882,-51.4095
NOVA SANTA RITA,RS,4313375,-29.8525,-51.2837
NOVO BARREIRO,RS,4313490,-27.9077,-53.1103
NOVO CABRAIS,RS,4313391,-29.7338,-52.9489
NOVO HAMBURGO,RS,4313409,-29.6875,-51.1328
NOVO MACHADO,RS,4313425,-27.5765,-54.5036
NOVO TIRADENTES,RS,4313441,-27.5649,-53.1837
NOVO XINGU,RS,4313466,-27.749,-53.0639
OSORIO,RS,4313508,-29.8881,-50.2667
PAIM FILHO,RS,4313607,-27.7075,-51.763
PALMARES DO SUL,RS,4313656,-30.2535,-50.5103
PALMEIRA DAS MISSOES,RS,4313706,-27.9007,-53.3134
PALMITINHO,RS,4313805,-27.3596,-53.558
PANAMBI,RS,4313904,-28.2833,-53.5023
PANTANO GRANDE,RS,4313953,-30.1902,-52.3729
PARAI,RS,4314001,-28.5964,-51.7896
PARAISO DO SUL,RS,4314027,-29.6717,-53.144
PARECI NOVO,RS,4314035,-29.6365,-51.3974
PAROBE,RS,4314050,-29.6243,-50.8312
PASSA SETE,RS,4314068,-29.4577,-52.9599
PASSO DO SOBRADO,RS,4314076,-29.748,-52.2748
PASSO FUNDO,RS,4314100,-28.2576,-52.4091
PAULO BENTO,RS,4314134,-27.7051,-52.4169
PAVERAMA,RS,4314159,-29.5486,-51.7339
PEDRAS ALTAS,RS,4314175,-31.7365,-53.5814
PEDRO OSORIO,RS,4314209,-31.8642,-52.8184
PEJUCARA,RS,4314308,-28.4283,-53.6579
PELOTAS,RS,4314407,-31.7649,-52.3371
PICADA CAFE,RS,4314423,-29.4464,-51.1367
PINHAL,RS,4314456,-27.508,-53.2082
PINHAL DA SERRA,RS,4314464,-27.8751,-51.1673
PINHAL GRANDE,RS,4314472,-29.345,-53.3206
PINHEIRINHO DO VALE,RS,4314498,-27.2109,-53.608
PINHEIRO MACHADO,RS,4314506,-31.5794,-53.3798
PINTO BANDEIRA,RS,4314548,-29.0975,-51.4503
PIRAPO,RS,4314555,-28.0439,-55.2001
PIRATINI,RS,4314605,-31.4473,-53.0973
PLANALTO,RS,4314704,-27.3297,-53.0575
POCO DAS ANTAS,RS,4314753,-29.4481,-51.6719
PONTAO,RS,4314779,-28.0585,-52.6791
PONTE PRETA,RS,4314787,-27.6587,-52.4848
PORTAO,RS,4314803,-29.7015,-51.2429
PORTO ALEGRE,RS,4314902,-30.0318,-51.2065
PORTO LUCENA,RS,4315008,-27.8569,-55.01
PORTO MAUA,RS,4315057,-27.5796,-54.6657
PORTO VERA CRUZ,RS,4315073,-27.7405,-54.8994
PORTO XAVIER,RS,4315107,-27.9082,-55.1379
POUSO NOVO,RS,4315131,-29.1738,-52.2136
PRESIDENTE LUCENA,RS,4315149,-29.5175,-51.1798
PROGRESSO,RS,4315156,-29.2441,-52.3197
PROTASIO ALVES,RS,4315172,-28.7572,-51.4757
PUTINGA,RS,4315206,-29.0045,-52.1569
QUARAI,RS,4315305,-30.384,-56.4483
QUATRO IRMAOS,RS,4315313,-27.8257,-52.4424
QUEVEDOS,RS,4315321,-29.3504,-54.0789
QUINZE DE NOVEMBRO,RS,4315354,-28.7466,-53.1011
REDENTORA,RS,4315404,-27.664,-53.6407
RELVADO,RS,4315453,-29.1164,-52.0778
RESTINGA SECA,RS,4315503,-29.8188,-53.3807
RIO DOS INDIOS,RS,4315552,-27.2973,-52.8417
RIO GRANDE,RS,4315602,-32.0349,-52.1071
RIO PARDO,RS,4315701,-29.988,-52.3711
RIOZINHO,RS,4315750,-29.639,-50.4488
ROCA SALES,RS,4315800,-29.2884,-51.8658
RODEIO BONITO,RS,4315909,-27.4742,-53.1706
ROLADOR,RS,4315958,-28.2566,-54.8186
ROLANTE,RS,4316006,-29.6462,-50.5819
RONDA ALTA,RS,4316105,-27.7758,-52.8056
RONDINHA,RS,4316204,-27.8315,-52.9081
ROQUE GONZALES,RS,4316303,-28.1297,-55.0266
ROSARIO DO SUL,RS,4316402,-30.2515,-54.9221
SAGRADA FAMILIA,RS,4316428,-27.7085,-53.1351
SALDANHA MARINHO,RS,4316436,-28.3941,-53.097
SALTO DO JACUI,RS,4316451,-29.0951,-53.2133
SALVADOR DAS MISSOES,RS,4316477,-28.1233,-54.8373
SALVADOR DO SUL,RS,4316501,-29.4386,-51.5077
SANANDUVA,RS,4316600,-27.947,-51.8079
SANT'ANA DO LIVRAMENTO,RS,4317103,-30.8773,-55.5392
SANTA BARBARA DO SUL,RS,4316709,-28.3653,-53.251
SANTA CECILIA DO SUL,RS,4316733,-28.1609,-51.9279
SANTA CLARA DO SUL,RS,4316758,-29.4747,-52.0843
SANTA CRUZ DO SUL,RS,4316808,-29.722,-52.4343
SANTA MARGARIDA DO SUL,RS,4316972,-30.3393,-54.0817
SANTA MARIA,RS,4316907,-29.6868,-53.8149
SANTA MARIA DO HERVAL,RS,4316956,-29.4902,-50.9919
SANTA ROSA,RS,4317202,-27.8702,-54.4796
SANTA TEREZA,RS,4317251,-29.1655,-51.7351
SANTA VITORIA DO PALMAR,RS,4317301,-33.525,-53.3717
SANTANA DA BOA VISTA,RS,4317004,-30.8697,-53.11
SANTIAGO,RS,4317400,-29.1897,-54.8666
SANTO ANGELO,RS,4317509,-28.3001,-54.2668
SANTO ANTONIO DA PATRULHA,RS,4317608,-29.8268,-50.5175
SANTO ANTONIO DAS MISSOES,RS,4317707,-28.514,-55.2251
SANTO ANTONIO DO PALMA,RS,4317558,-28.4956,-52.0267
SANTO ANTONIO DO PLANALTO,RS,4317756,-28.403,-52.6992
SANTO AUGUSTO,RS,4317806,-27.8526,-53.7776
SANTO CRISTO,RS,4317905,-27.8263,-54.662
SANTO EXPEDITO DO SUL,RS,4317954,-27.9074,-51.6434
SAO BORJA,RS,4318002,-28.6578,-56.0036
SAO DOMINGOS DO SUL,RS,4318051,-28.5312,-51.886
SAO FRANCISCO DE ASSIS,RS,4318101,-29.5547,-55.1253
SAO FRANCISCO DE PAULA,RS,4318200,-29.4404,-50.5828
SAO GABRIEL,RS,4318309,-30.3337,-54.3217
SAO JERONIMO,RS,4318408,-29.9716,-51.7251
SAO JOAO DA URTIGA,RS,4318424,-27.8195,-51.8257
SAO JOAO DO POLESINE,RS,4318432,-29.6194,-53.4439
SAO JORGE,RS,4318440,-28.4984,-51.7064
SAO JOSE DAS MISSOES,RS,4318457,-27.7789,-53.1226
SAO JOSE DO HERVAL,RS,4318465,-29.052,-52.295
SAO JOSE DO HORTENCIO,RS,4318481,-29.528,-51.245
SAO JOSE DO INHACORA,RS,4318499,-27.7251,-54.1275
SAO JOSE DO NORTE,RS,4318507,-32.0151,-52.0331
SAO JOSE DO OURO,RS,4318606,-27.7707,-51.5966
SAO JOSE DO SUL,RS,4318614,-29.5448,-51.4821
SAO JOSE DOS AUSENTES,RS,4318622,-28.7476,-50.0677
SAO LEOPOLDO,RS,4318705,-29.7545,-51.1498
SAO LOURENCO DO SUL,RS,4318804,-31.3564,-51.9715
SAO LUIZ GONZAGA,RS,4318903,-28.412,-54.9559
SAO MARCOS,RS,4319000,-28.9677,-51.0696
SAO MARTINHO,RS,4319109,-27.7112,-53.9699
SAO MARTINHO DA SERRA,RS,4319125,-29.5397,-53.859
SAO MIGUEL DAS MISSOES,RS,4319158,-28.556,-54.5559
SAO NICOLAU,RS,4319208,-28.1834,-55.2654
SAO PAULO DAS MISSOES,RS,4319307,-28.0195,-54.9404
SAO PEDRO DA SERRA,RS,4319356,-29.4193,-51.5134
SAO PEDRO DAS MISSOES,RS,4319364,-27.7706,-53.2513
SAO PEDRO DO BUTIA,RS,4319372,-28.1243,-54.8926
SAO PEDRO DO SUL,RS,4319406,-29.6202,-54.1855
SAO SEBASTIAO DO CAI,RS,4319505,-29.5885,-51.3749
SAO SEPE,RS,4319604,-30.1643,-53.5603
SAO VALENTIM,RS,4319703,-27.5583,-52.5237
SAO VALENTIM DO SUL,RS,4319711,-29.0451,-51.7684
SAO VALERIO DO SUL,RS,4319737,-27.7906,-53.9368
SAO VENDELINO,RS,4319752,-29.3729,-51.3675
SAO VICENTE DO SUL,RS,4319802,-29.6882,-54.6826
SAPIRANGA,RS,4319901,-29.6349,-51.0064
SAPUCAIA DO SUL,RS,4320008,-29.8276,-51.145
SARANDI,RS,4320107,-27.942,-52.9231
SEBERI,RS,4320206,-27.4829,-53.4026
SEDE NOVA,RS,4320230,-27.6367,-53.9493
SEGREDO,RS,4320263,-29.3523,-52.9767
SELBACH,RS,4320305,-28.6294,-52.9498
SENADOR SALGADO FILHO,RS,4320321,-28.025,-54.5507
SENTINELA DO SUL,RS,4320354,-30.6107,-51.5862
SERAFINA CORREA,RS,4320404,-28.7126,-51.9352
SERIO,RS,4320453,-29.3904,-52.2685
SERTAO,RS,4320503,-27.9798,-52.2588
SERTAO SANTANA,RS,4320552,-30.4562,-51.6017
SETE DE SETEMBRO,RS,4320578,-28.1362,-54.4637
SEVERIANO DE ALMEIDA,RS,4320602,-27.4362,-52.1217
SILVEIRA MARTINS,RS,4320651,-29.6467,-53.591
SINIMBU,RS,4320677,-29.5357,-52.5304
SOBRADINHO,RS,4320701,-29.4194,-53.0326
SOLEDADE,RS,4320800,-28.8306,-52.5131
TABAI,RS,4320859,-29.643,-51.6823
TAPEJARA,RS,4320909,-28.0652,-52.0097
TAPERA,RS,4321006,-28.6277,-52.8613
TAPES,RS,4321105,-30.6683,-51.3991
TAQUARA,RS,4321204,-29.6505,-50.7753
TAQUARI,RS,4321303,-29.7943,-51.8653
TAQUARUCU DO SUL,RS,4321329,-27.4005,-53.4702
TAVARES,RS,4321352,-31.2843,-51.088
TENENTE PORTELA,RS,4321402,-27.3711,-53.7585
TERRA DE AREIA,RS,4321436,-29.5782,-50.0644
TEUTONIA,RS,4321451,-29.4482,-51.8044
TIO HUGO,RS,4321469,-28.5712,-52.5955
TIRADENTES DO SUL,RS,4321477,-27.4022,-54.0814
TOROPI,RS,4321493,-29.4782,-54.2244
TORRES,RS,4321501,-29.3334,-49.7333
TRAMANDAI,RS,4321600,-29.9841,-50.1322
TRAVESSEIRO,RS,4321626,-29.2977,-52.0532
TRES ARROIOS,RS,4321634,-27.5003,-52.1448
TRES CACHOEIRAS,RS,4321667,-29.4487,-49.9275
TRES COROAS,RS,4321709,-29.5137,-50.7739
TRES DE MAIO,RS,4321808,-27.78,-54.2357
TRES FORQUILHAS,RS,4321832,-29.5384,-50.0708
TRES PALMEIRAS,RS,4321857,-27.6139,-52.8437
TRES PASSOS,RS,4321907,-27.4555,-53.9296
TRINDADE DO SUL,RS,4321956,-27.5239,-52.8956
TRIUNFO,RS,4322004,-29.9291,-51.7075
TUCUNDUVA,RS,4322103,-27.6573,-54.4439
TUNAS,RS,4322152,-29.1039,-52.9538
TUPANCI DO SUL,RS,4322186,-27.9241,-51.5383
TUPANCIRETA,RS,4322202,-29.0858,-53.8445
TUPANDI,RS,4322251,-29.4772,-51.4174
TUPARENDI,RS,4322301,-27.7598,-54.4814
TURUCU,RS,4322327,-31.4173,-52.1706
UBIRETAMA,RS,4322343,-28.0404,-54.686
UNIAO DA SERRA,RS,4322350,-28.7833,-52.0238
UNISTALDA,RS,4322376,-29.04,-55.1517
URUGUAIANA,RS,4322400,-29.7614,-57.0853
VACARIA,RS,4322509,-28.5079,-50.9418
VALE DO SOL,RS,4322533,-29.5967,-52.6839
VALE REAL,RS,4322541,-29.3919,-51.2559
VALE VERDE,RS,4322525,-29.7864,-52.1857
VANINI,RS,4322558,-28.4758,-51.8447
VENANCIO AIRES,RS,4322608,-29.6143,-52.1932
VERA CRUZ,RS,4322707,-29.7184,-52.5152
VERANOPOLIS,RS,4322806,-28.9312,-51.5516
VESPASIANO CORREA,RS,4322855,-29.0655,-51.8625
VIADUTOS,RS,4322905,-27.5716,-52.0211
VIAMAO,RS,4323002,-30.0819,-51.0194
VICENTE DUTRA,RS,4323101,-27.1607,-53.4022
VICTOR GRAEFF,RS,4323200,-28.5632,-52.7495
VILA FLORES,RS,4323309,-28.8598,-51.5504
VILA LANGARO,RS,4323358,-28.1062,-52.1438
VILA MARIA,RS,4323408,-28.5359,-52.1486
VILA NOVA DO SUL,RS,4323457,-30.3461,-53.876
VISTA ALEGRE,RS,4323507,-27.3686,-53.4919
VISTA ALEGRE DO PRATA,RS,4323606,-28.8052,-51.7947
VISTA GAUCHA,RS,4323705,-27.2902,-53.6974
VITORIA DAS MISSOES,RS,4323754,-28.3516,-54.504
WESTFALIA,RS,4323770,-29.4263,-51.7645
XANGRI-LA,RS,4323804,-29.8065,-50.0519
ABDON BATISTA,SC,4200051,-27.6126,-51.0233
ABELARDO LUZ,SC,4200101,-26.5716,-52.3229
AGROLANDIA,SC,4200200,-27.4087,-49.822
AGRONOMICA,SC,4200309,-27.2662,-49.708
AGUA DOCE,SC,4200408,-26.9985,-51.5528
AGUAS DE CHAPECO,SC,4200507,-27.0754,-52.9808
AGUAS FRIAS,SC,4200556,-26.8794,-52.8568
AGUAS MORNAS,SC,4200606,-27.6963,-48.8243
ALFREDO WAGNER,SC,4200705,-27.7001,-49.3273
ALTO BELA VISTA,SC,4200754,-27.4333,-51.9044
ANCHIETA,SC,4200804,-26.5382,-53.3319
ANGELINA,SC,4200903,-27.5704,-48.9879
ANITA GARIBALDI,SC,4201000,-27.6897,-51.1271
ANITAPOLIS,SC,4201109,-27.9012,-49.1316
ANTONIO CARLOS,SC,4201208,-27.5191,-48.766
APIUNA,SC,4201257,-27.0375,-49.3885
ARABUTA,SC,4201273,-27.1587,-52.1423
ARAQUARI,SC,4201307,-26.3754,-48.7188
ARARANGUA,SC,4201406,-28.9356,-49.4918
ARMAZEM,SC,4201505,-28.2448,-49.0215
ARROIO TRINTA,SC,4201604,-26.9257,-51.3407
ARVOREDO,SC,4201653,-27.0748,-52.4543
ASCURRA,SC,4201703,-26.9548,-49.3783
ATALANTA,SC,4201802,-27.4219,-49.7789
AURORA,SC,4201901,-27.3098,-49.6295
BALNEARIO ARROIO DO SILVA,SC,4201950,-28.9806,-49.4237
BALNEARIO BARRA DO SUL,SC,4202057,-26.4597,-48.6123
BALNEARIO CAMBORIU,SC,4202008,-26.9926,-48.6352
BALNEARIO GAIVOTA,SC,4202073,-29.1527,-49.5841
BALNEARIO PICARRAS,SC,4212809,-26.7639,-48.6717
BALNEARIO RINCAO,SC,4220000,-28.8314,-49.2352
BANDEIRANTE,SC,4202081,-26.7705,-53.6413
BARRA BONITA,SC,4202099,-26.654,-53.44
BARRA VELHA,SC,4202107,-26.637,-48.6933
BELA VISTA DO TOLDO,SC,4202131,-26.2746,-50.4664
BELMONTE,SC,4202156,-26.843,-53.5758
BENEDITO NOVO,SC,4202206,-26.781,-49.3593
BIGUACU,SC,4202305,-27.496,-48.6598
BLUMENAU,SC,4202404,-26.9155,-49.0709
BOCAINA DO SUL,SC,4202438,-27.7455,-49.9423
BOM JARDIM DA SERRA,SC,4202503,-28.3377,-49.6373
BOM JESUS,SC,4202537,-26.7326,-52.3919
BOM JESUS DO OESTE,SC,4202578,-26.6927,-53.0967
BOM RETIRO,SC,4202602,-27.799,-49.487
BOMBINHAS,SC,4202453,-27.1382,-48.5146
BOTUVERA,SC,4202701,-27.2007,-49.0689
BRACO DO NORTE,SC,4202800,-28.2681,-49.1701
BRACO DO TROMBUDO,SC,4202859,-27.3586,-49.8821
BRUNOPOLIS,SC,4202875,-27.3058,-50.8684
BRUSQUE,SC,4202909,-27.0977,-48.9107
CACADOR,SC,4203006,-26.7757,-51.012
CAIBI,SC,4203105,-27.0741,-53.2458
CALMON,SC,4203154,-26.5942,-51.095
CAMBORIU,SC,4203204,-27.0241,-48.6503
CAMPO ALEGRE,SC,4203303,-26.195,-49.2676
CAMPO BELO DO SUL,SC,4203402,-27.8975,-50.7595
CAMPO ERE,SC,4203501,-26.3931,-53.0856
CAMPOS NOVOS,SC,4203600,-27.4002,-51.2276
CANELINHA,SC,4203709,-27.2616,-48.7658
CANOINHAS,SC,4203808,-26.1766,-50.395
CAPAO ALTO,SC,4203253,-27.9389,-50.5098
CAPINZAL,SC,4203907,-27.3473,-51.6057
CAPIVARI DE BAIXO,SC,4203956,-28.4498,-48.9631
CATANDUVAS,SC,4204004,-27.069,-51.6602
CAXAMBU DO SUL,SC,4204103,-27.1624,-52.8807
CELSO RAMOS,SC,4204152,-27.6327,-51.335
CERRO NEGRO,SC,4204178,-27.7942,-50.8673
CHAPADAO DO LAGEADO,SC,4204194,-27.5905,-49.5539
CHAPECO,SC,4204202,-27.1004,-52.6152
COCAL DO SUL,SC,4204251,-28.5986,-49.3335
CONCORDIA,SC,4204301,-27.2335,-52.026
CORDILHEIRA ALTA,SC,4204350,-26.9844,-52.6056
CORONEL FREITAS,SC,4204400,-26.9057,-52.7011
CORONEL MARTINS,SC,4204459,-26.511,-52.6694
CORREIA PINTO,SC,4204558,-27.5877,-50.3614
CORUPA,SC,4204509,-26.4246,-49.246
CRICIUMA,SC,4204608,-28.6723,-49.3729
CUNHA PORA,SC,4204707,-26.895,-53.1662
CUNHATAI,SC,4204756,-26.9709,-53.0895
CURITIBANOS,SC,4204806,-27.2824,-50.5816
DESCANSO,SC,4204905,-26.827,-53.5034
DIONISIO CERQUEIRA,SC,4205001,-26.2648,-53.6351
DONA EMMA,SC,4205100,-26.981,-49.7261
DOUTOR PEDRINHO,SC,4205159,-26.7174,-49.4795
ENTRE RIOS,SC,4205175,-26.7225,-52.5585
ERMO,SC,4205191,-28.9869,-49.643
ERVAL VELHO,SC,4205209,-27.2743,-51.443
FAXINAL DOS GUEDES,SC,4205308,-26.8451,-52.2596
FLOR DO SERTAO,SC,4205357,-26.7811,-53.3505
FLORIANOPOLIS,SC,4205407,-27.5945,-48.5477
FORMOSA DO SUL,SC,4205431,-26.6453,-52.7946
FORQUILHINHA,SC,4205456,-28.7454,-49.4785
FRAIBURGO,SC,4205506,-27.0233,-50.92
FREI ROGERIO,SC,4205555,-27.175,-50.8076
GALVAO,SC,4205605,-26.4549,-52.6875
GAROPABA,SC,4205704,-28.0275,-48.6192
GARUVA,SC,4205803,-26.0292,-48.852
GASPAR,SC,4205902,-26.9336,-48.9534
GOVERNADOR CELSO RAMOS,SC,4206009,-27.3172,-48.5576
GRAO PARA,SC,4206108,-28.1809,-49.2252
GRAVATAL,SC,4206207,-28.3208,-49.0427
GUABIRUBA,SC,4206306,-27.0808,-48.9804
GUARACIABA,SC,4206405,-26.6042,-53.5243
GUARAMIRIM,SC,4206504,-26.4688,-49.0026
GUARUJA DO SUL,SC,4206603,-26.3858,-53.5296
GUATAMBU,SC,4206652,-27.1341,-52.7887
HERVAL D`OESTE,SC,4206702,-27.1903,-51.4917
IBIAM,SC,4206751,-27.1847,-51.2352
IBICARE,SC,4206801,-27.0881,-51.3681
IBIRAMA,SC,4206900,-27.0547,-49.5193
ICARA,SC,4207007,-28.7132,-49.3087
ILHOTA,SC,4207106,-26.9023,-48.8251
IMARUI,SC,4207205,-28.3339,-48.817
IMBITUBA,SC,4207304,-28.2284,-48.6659
IMBUIA,SC,4207403,-27.4908,-49.4218
INDAIAL,SC,4207502,-26.8992,-49.2354
IOMERE,SC,4207577,-27.0019,-51.2442
IPIRA,SC,4207601,-27.4038,-51.7758
IPORA DO OESTE,SC,4207650,-26.9854,-53.5355
IPUACU,SC,4207684,-26.635,-52.4556
IPUMIRIM,SC,4207700,-27.0772,-52.1289
IRACEMINHA,SC,4207759,-26.8215,-53.2767
IRANI,SC,4207809,-27.0287,-51.9012
IRATI,SC,4207858,-26.6539,-52.8955
IRINEOPOLIS,SC,4207908,-26.242,-50.7957
ITA,SC,4208005,-27.2907,-52.3212
ITAIOPOLIS,SC,4208104,-26.339,-49.9092
ITAJAI,SC,4208203,-26.9101,-48.6705
ITAPEMA,SC,4208302,-27.0861,-48.616
ITAPIRANGA,SC,4208401,-27.1659,-53.7166
ITAPOA,SC,4208450,-26.1158,-48.6182
ITUPORANGA,SC,4208500,-27.4101,-49.5963
JABORA,SC,4208609,-27.1782,-51.7279
JACINTO MACHADO,SC,4208708,-28.9961,-49.7623
JAGUARUNA,SC,4208807,-28.6146,-49.0296
JARAGUA DO SUL,SC,4208906,-26.4851,-49.0713
JARDINOPOLIS,SC,4208955,-26.7191,-52.8625
JOACABA,SC,4209003,-27.1721,-51.5108
JOINVILLE,SC,4209102,-26.3045,-48.8487
JOSE BOITEUX,SC,4209151,-26.9566,-49.6286
JUPIA,SC,4209177,-26.395,-52.7298
LACERDOPOLIS,SC,4209201,-27.2579,-51.5577
LAGES,SC,4209300,-27.815,-50.3259
LAGUNA,SC,4209409,-28.4843,-48.7772
LAJEADO GRANDE,SC,4209458,-26.8576,-52.5648
LAURENTINO,SC,4209508,-27.2173,-49.7331
LAURO MULLER,SC,4209607,-28.3859,-49.4035
LEBON REGIS,SC,4209706,-26.928,-50.6921
LEOBERTO LEAL,SC,4209805,-27.5081,-49.2789
LINDOIA DO SUL,SC,4209854,-27.0545,-52.069
LONTRAS,SC,4209904,-27.1684,-49.535
LUIZ ALVES,SC,4210001,-26.7151,-48.9322
LUZERNA,SC,4210035,-27.1304,-51.4682
MACIEIRA,SC,4210050,-26.8552,-51.3705
MAFRA,SC,4210100,-26.1159,-49.8086
MAJOR GERCINO,SC,4210209,-27.4192,-48.9488
MAJOR VIEIRA,SC,4210308,-26.3709,-50.3266
MARACAJA,SC,4210407,-28.8463,-49.4605
MARAVILHA,SC,4210506,-26.7665,-53.1737
MAREMA,SC,4210555,-26.8024,-52.6264
MASSARANDUBA,SC,4210605,-26.6109,-49.0054
MATOS COSTA,SC,4210704,-26.4709,-51.1501
MELEIRO,SC,4210803,-28.8244,-49.6378
MIRIM DOCE,SC,4210852,-27.197,-50.0786
MODELO,SC,4210902,-26.7729,-53.04
MONDAI,SC,4211009,-27.1008,-53.4032
MONTE CARLO,SC,4211058,-27.2239,-50.9808
MONTE CASTELO,SC,4211108,-26.461,-50.2327
MORRO DA FUMACA,SC,4211207,-28.6511,-49.2169
MORRO GRANDE,SC,4211256,-28.8006,-49.7214
NAVEGANTES,SC,4211306,-26.8943,-48.6546
NOVA ERECHIM,SC,4211405,-26.8982,-52.9066
NOVA ITABERABA,SC,4211454,-26.9428,-52.8141
NOVA TRENTO,SC,4211504,-27.278,-48.9298
NOVA VENEZA,SC,4211603,-28.6338,-49.5055
NOVO HORIZONTE,SC,4211652,-26.4442,-52.8281
ORLEANS,SC,4211702,-28.3487,-49.2986
OTACILIO COSTA,SC,4211751,-27.4789,-50.1231
OURO,SC,4211801,-27.3379,-51.6194
OURO VERDE,SC,4211850,-26.692,-52.3108
PAIAL,SC,4211876,-27.2541,-52.4975
PAINEL,SC,4211892,-27.9234,-50.0972
PALHOCA,SC,4211900,-27.6455,-48.6697
PALMA SOLA,SC,4212007,-26.3471,-53.2771
PALMEIRA,SC,4212056,-27.583,-50.1577
PALMITOS,SC,4212106,-27.0702,-53.1586
PAPANDUVA,SC,4212205,-26.3777,-50.1419
PARAISO,SC,4212239,-26.62,-53.6716
PASSO DE TORRES,SC,4212254,-29.3099,-49.722
PASSOS MAIA,SC,4212270,-26.7829,-52.0568
PAULO LOPES,SC,4212304,-27.9607,-48.6864
PEDRAS GRANDES,SC,4212403,-28.4339,-49.1949
PENHA,SC,4212502,-26.7754,-48.6465
PERITIBA,SC,4212601,-27.3754,-51.9018
PESCARIA BRAVA,SC,4212650,-28.3966,-48.8864
PETROLANDIA,SC,4212700,-27.5346,-49.6937
PINHALZINHO,SC,4212908,-26.8495,-52.9913
PINHEIRO PRETO,SC,4213005,-27.0483,-51.2243
PIRATUBA,SC,4213104,-27.4242,-51.7668
PLANALTO ALEGRE,SC,4213153,-27.0704,-52.867
POMERODE,SC,4213203,-26.7384,-49.1785
PONTE ALTA,SC,4213302,-27.4835,-50.3764
PONTE ALTA DO NORTE,SC,4213351,-27.1591,-50.4659
PONTE SERRADA,SC,4213401,-26.8733,-52.0112
PORTO BELO,SC,4213500,-27.1586,-48.5469
PORTO UNIAO,SC,4213609,-26.2451,-51.0759
POUSO REDONDO,SC,4213708,-27.2567,-49.9301
PRAIA GRANDE,SC,4213807,-29.1918,-49.9525
PRESIDENTE CASTELLO BRANCO,SC,4213906,-27.2218,-51.8089
PRESIDENTE GETULIO,SC,4214003,-27.0474,-49.6246
PRESIDENTE NEREU,SC,4214102,-27.2768,-49.3889
PRINCESA,SC,4214151,-26.4441,-53.5994
QUILOMBO,SC,4214201,-26.7264,-52.724
RANCHO QUEIMADO,SC,4214300,-27.6727,-49.0191
RIO DAS ANTAS,SC,4214409,-26.8946,-51.0674
RIO DO CAMPO,SC,4214508,-26.9452,-50.136
RIO DO OESTE,SC,4214607,-27.1952,-49.7989
RIO DO SUL,SC,4214805,-27.2156,-49.643
RIO DOS CEDROS,SC,4214706,-26.7398,-49.2718
RIO FORTUNA,SC,4214904,-28.1244,-49.1068
RIO NEGRINHO,SC,4215000,-26.2591,-49.5177
RIO RUFINO,SC,4215059,-27.8592,-49.7754
RIQUEZA,SC,4215075,-27.0653,-53.3265
RODEIO,SC,4215109,-26.9243,-49.3649
ROMELANDIA,SC,4215208,-26.6809,-53.3172
SALETE,SC,4215307,-26.9798,-49.9988
SALTINHO,SC,4215356,-26.6049,-53.0578
SALTO VELOSO,SC,4215406,-26.903,-51.4043
SANGAO,SC,4215455,-28.6326,-49.1322
SANTA CECILIA,SC,4215505,-26.9592,-50.4252
SANTA HELENA,SC,4215554,-26.937,-53.6214
SANTA ROSA DE LIMA,SC,4215604,-28.0331,-49.133
SANTA ROSA DO SUL,SC,4215653,-29.1313,-49.7109
SANTA TEREZINHA,SC,4215679,-26.7813,-50.009
SANTA TEREZINHA DO PROGRESSO,SC,4215687,-26.624,-53.1997
SANTIAGO DO SUL,SC,4215695,-26.6388,-52.6799
SANTO AMARO DA IMPERATRIZ,SC,4215703,-27.6852,-48.7813
SAO BENTO DO SUL,SC,4215802,-26.2495,-49.3831
SAO BERNARDINO,SC,4215752,-26.4739,-52.9687
SAO BONIFACIO,SC,4215901,-27.9009,-48.9326
SAO CARLOS,SC,4216008,-27.0798,-53.0037
SAO CRISTOVAO DO SUL,SC,4216057,-27.2666,-50.4388
SAO DOMINGOS,SC,4216107,-26.5548,-52.5313
SAO FRANCISCO DO SUL,SC,4216206,-26.2579,-48.6344
SAO JOAO BATISTA,SC,4216305,-27.2772,-48.8474
SAO JOAO DO ITAPERIU,SC,4216354,-26.6213,-48.7683
SAO JOAO DO OESTE,SC,4216255,-27.0984,-53.5977
SAO JOAO DO SUL,SC,4216404,-29.2154,-49.8094
SAO JOAQUIM,SC,4216503,-28.2887,-49.9457
SAO JOSE,SC,4216602,-27.6136,-48.6366
SAO JOSE DO CEDRO,SC,4216701,-26.4561,-53.4955
SAO JOSE DO CERRITO,SC,4216800,-27.6602,-50.5733
SAO LOURENCO DO OESTE,SC,4216909,-26.3557,-52.8498
SAO LUDGERO,SC,4217006,-28.3144,-49.1806
SAO MARTINHO,SC,4217105,-28.1609,-48.9867
SAO MIGUEL DA BOA VISTA,SC,4217154,-26.687,-53.2511
SAO MIGUEL DO OESTE,SC,4217204,-26.7242,-53.5163
SAO PEDRO DE ALCANTARA,SC,4217253,-27.5665,-48.8048
SAUDADES,SC,4217303,-26.9317,-53.0021
SCHROEDER,SC,4217402,-26.4116,-49.074
SEARA,SC,4217501,-27.1564,-52.299
SERRA ALTA,SC,4217550,-26.7229,-53.0409
SIDEROPOLIS,SC,4217600,-28.5955,-49.4314
SOMBRIO,SC,4217709,-29.108,-49.6328
SUL BRASIL,SC,4217758,-26.7351,-52.964
TAIO,SC,4217808,-27.121,-49.9942
TANGARA,SC,4217907,-27.0996,-51.2473
TIGRINHOS,SC,4217956,-26.6876,-53.1545
TIJUCAS,SC,4218004,-27.2354,-48.6322
TIMBE DO SUL,SC,4218103,-28.8287,-49.842
TIMBO,SC,4218202,-26.8246,-49.269
TIMBO GRANDE,SC,4218251,-26.6127,-50.6607
TRES BARRAS,SC,4218301,-26.1056,-50.3197
TREVISO,SC,4218350,-28.5097,-49.4634
TREZE DE MAIO,SC,4218400,-28.5537,-49.1565
TREZE TILIAS,SC,4218509,-27.0026,-51.4084
TROMBUDO CENTRAL,SC,4218608,-27.3033,-49.793
TUBARAO,SC,4218707,-28.4713,-49.0144
TUNAPOLIS,SC,4218756,-26.9681,-53.6417
TURVO,SC,4218806,-28.9272,-49.6831
UNIAO DO OESTE,SC,4218855,-26.762,-52.8541
URUBICI,SC,4218905,-28.0157,-49.5925
URUPEMA,SC,4218954,-27.9557,-49.8729
URUSSANGA,SC,4219002,-28.518,-49.3238
VARGEAO,SC,4219101,-26.8621,-52.1549
VARGEM,SC,4219150,-27.4867,-50.9724
VARGEM BONITA,SC,4219176,-27.0055,-51.7402
VIDAL RAMOS,SC,4219200,-27.3886,-49.3593
VIDEIRA,SC,4219309,-27.0086,-51.1543
VITOR MEIRELES,SC,4219358,-26.8782,-49.8328
WITMARSUM,SC,4219408,-26.9275,-49.7947
XANXERE,SC,4219507,-26.8747,-52.4036
XAVANTINA,SC,4219606,-27.0667,-52.343
XAXIM,SC,4219705,-26.9596,-52.5374
ZORTEA,SC,4219853,-27.4521,-51.552
AMPARO DE SAO FRANCISCO,SE,2800100,-10.1348,-36.935
AQUIDABA,SE,2800209,-10.278,-37.0148
ARACAJU,SE,2800308,-10.9091,-37.0677
ARAUA,SE,2800407,-11.2614,-37.6201
AREIA BRANCA,SE,2800506,-10.758,-37.3251
BARRA DOS COQUEIROS,SE,2800605,-10.8996,-37.0323
BOQUIM,SE,2800670,-11.1397,-37.6195
BREJO GRANDE,SE,2800704,-10.4297,-36.4611
CAMPO DO BRITO,SE,2801009,-10.7392,-37.4954
CANHOBA,SE,2801108,-10.1365,-36.9806
CANINDE DE SAO FRANCISCO,SE,2801207,-9.64882,-37.7923
CAPELA,SE,2801306,-10.5069,-37.0628
CARIRA,SE,2801405,-10.3524,-37.7002
CARMOPOLIS,SE,2801504,-10.6449,-36.9887
CEDRO DE SAO JOAO,SE,2801603,-10.2534,-36.8856
CRISTINAPOLIS,SE,2801702,-11.4668,-37.7585
CUMBE,SE,2801900,-10.352,-37.1846
DIVINA PASTORA,SE,2802007,-10.6782,-37.1506
ESTANCIA,SE,2802106,-11.2659,-37.4484
FEIRA NOVA,SE,2802205,-10.2616,-37.3147
FREI PAULO,SE,2802304,-10.5513,-37.5279
GARARU,SE,2802403,-9.9722,-37.0869
GENERAL MAYNARD,SE,2802502,-10.6835,-36.9838
GRACHO CARDOSO,SE,2802601,-10.2252,-37.2006
ILHA DAS FLORES,SE,2802700,-10.4425,-36.5479
INDIAROBA,SE,2802809,-11.5157,-37.515
ITABAIANA,SE,2802908,-10.6826,-37.4273
ITABAIANINHA,SE,2803005,-11.2693,-37.7875
ITABI,SE,2803104,-10.1248,-37.1056
ITAPORANGA D`AJUDA,SE,2803203,-10.99,-37.3078
JAPARATUBA,SE,2803302,-10.5849,-36.9418
JAPOATA,SE,2803401,-10.3477,-36.8045
LAGARTO,SE,2803500,-10.9136,-37.6689
LARANJEIRAS,SE,2803609,-10.7981,-37.1731
MACAMBIRA,SE,2803708,-10.6619,-37.5413
MALHADA DOS BOIS,SE,2803807,-10.3418,-36.9252
MALHADOR,SE,2803906,-10.6649,-37.3004
MARUIM,SE,2804003,-10.7308,-37.0856
MOITA BONITA,SE,2804102,-10.5769,-37.3512
MONTE ALEGRE DE SERGIPE,SE,2804201,-10.0256,-37.5616
MURIBECA,SE,2804300,-10.4271,-36.9588
NEOPOLIS,SE,2804409,-10.3215,-36.585
NOSSA SENHORA APARECIDA,SE,2804458,-10.3944,-37.4517
NOSSA SENHORA DA GLORIA,SE,2804508,-10.2158,-37.4211
NOSSA SENHORA DAS DORES,SE,2804607,-10.4854,-37.1963
NOSSA SENHORA DE LOURDES,SE,2804706,-10.0772,-37.0615
NOSSA SENHORA DO SOCORRO,SE,2804805,-10.8468,-37.1231
PACATUBA,SE,2804904,-10.4538,-36.6531
PEDRA MOLE,SE,2805000,-10.6134,-37.6922
PEDRINHAS,SE,2805109,-11.1902,-37.6775
PINHAO,SE,2805208,-10.5677,-37.7242
PIRAMBU,SE,2805307,-10.7215,-36.8544
POCO REDONDO,SE,2805406,-9.80616,-37.6833
POCO VERDE,SE,2805505,-10.7151,-38.1813
PORTO DA FOLHA,SE,2805604,-9.91626,-37.2842
PROPRIA,SE,2805703,-10.2138,-36.8442
RIACHAO DO DANTAS,SE,2805802,-11.0729,-37.731
RIACHUELO,SE,2805901,-10.735,-37.1966
RIBEIROPOLIS,SE,2806008,-10.5357,-37.438
ROSARIO DO CATETE,SE,2806107,-10.6904,-37.0357
SALGADO,SE,2806206,-11.0288,-37.4804
SANTA LUZIA DO ITANHY,SE,2806305,-11.3536,-37.4586
SANTA ROSA DE LIMA,SE,2806503,-10.6434,-37.1931
SANTANA DO SAO FRANCISCO,SE,2806404,-10.2922,-36.6105
SANTO AMARO DAS BROTAS,SE,2806602,-10.7892,-37.0564
SAO CRISTOVAO,SE,2806701,-11.0084,-37.2044
SAO DOMINGOS,SE,2806800,-10.7916,-37.5685
SAO FRANCISCO,SE,2806909,-10.3442,-36.8869
SAO MIGUEL DO ALEIXO,SE,2807006,-10.3847,-37.3836
SIMAO DIAS,SE,2807105,-10.7387,-37.8097
SIRIRI,SE,2807204,-10.5965,-37.1131
TELHA,SE,2807303,-10.2064,-36.8818
TOBIAS BARRETO,SE,2807402,-11.1798,-37.9995
TOMAR DO GERU,SE,2807501,-11.3694,-37.8433
UMBAUBA,SE,2807600,-11.3809,-37.6623
ADAMANTINA,SP,3500105,-21.682,-51.0737
ADOLFO,SP,3500204,-21.2325,-49.6451
AGUAI,SP,3500303,-22.0572,-46.9735
AGUAS DA PRATA,SP,3500402,-21.9319,-46.7176
AGUAS DE LINDOIA,SP,3500501,-22.4733,-46.6314
AGUAS DE SANTA BARBARA,SP,3500550,-22.8812,-49.2421
AGUAS DE SAO PEDRO,SP,3500600,-22.5977,-47.8734
AGUDOS,SP,3500709,-22.4694,-48.9863
ALAMBARI,SP,3500758,-23.5503,-47.898
ALFREDO MARCONDES,SP,3500808,-21.9527,-51.414
ALTAIR,SP,3500907,-20.5242,-49.0571
ALTINOPOLIS,SP,3501004,-21.0214,-47.3712
ALTO ALEGRE,SP,3501103,-21.5811,-50.168
ALUMINIO,SP,3501152,-23.5306,-47.2546
ALVARES FLORENCE,SP,3501202,-20.3203,-49.9141
ALVARES MACHADO,SP,3501301,-22.0764,-51.4722
ALVARO DE CARVALHO,SP,3501400,-22.0841,-49.719
ALVINLANDIA,SP,3501509,-22.4435,-49.7623
AMERICANA,SP,3501608,-22.7374,-47.3331
AMERICO BRASILIENSE,SP,3501707,-21.7288,-48.1147
AMERICO DE CAMPOS,SP,3501806,-20.2985,-49.7359
AMPARO,SP,3501905,-22.7088,-46.772
ANALANDIA,SP,3502002,-22.1289,-47.6619
ANDRADINA,SP,3502101,-20.8948,-51.3786
ANGATUBA,SP,3502200,-23.4917,-48.4139
ANHEMBI,SP,3502309,-22.793,-48.1336
ANHUMAS,SP,3502408,-22.2934,-51.3895
APARECIDA,SP,3502507,-22.8495,-45.2325
APARECIDA D`OESTE,SP,3502606,-20.4487,-50.8835
APIAI,SP,3502705,-24.5108,-48.8443
ARACARIGUAMA,SP,3502754,-23.4366,-47.0608
ARACATUBA,SP,3502804,-21.2076,-50.4401
ARACOIABA DA SERRA,SP,3502903,-23.5029,-47.6166
ARAMINA,SP,3503000,-20.0882,-47.7873
ARANDU,SP,3503109,-23.1386,-49.0487
ARAPEI,SP,3503158,-22.6717,-44.4441
ARARAQUARA,SP,3503208,-21.7845,-48.178
ARARAS,SP,3503307,-22.3572,-47.3842
ARCO-IRIS,SP,3503356,-21.7728,-50.466
AREALVA,SP,3503406,-22.031,-48.9135
AREIAS,SP,3503505,-22.5786,-44.6992
AREIOPOLIS,SP,3503604,-22.6672,-48.6681
ARIRANHA,SP,3503703,-21.1872,-48.7904
ARTUR NOGUEIRA,SP,3503802,-22.5727,-47.1727
ARUJA,SP,3503901,-23.3965,-46.32
ASPASIA,SP,3503950,-20.16,-50.728
ASSIS,SP,3504008,-22.66,-50.4183
ATIBAIA,SP,3504107,-23.1171,-46.5563
AURIFLAMA,SP,3504206,-20.6836,-50.5572
AVAI,SP,3504305,-22.1514,-49.3356
AVANHANDAVA,SP,3504404,-21.4584,-49.9509
AVARE,SP,3504503,-23.1067,-48.9251
BADY BASSITT,SP,3504602,-20.9197,-49.4385
BALBINOS,SP,3504701,-21.8963,-49.3619
BALSAMO,SP,3504800,-20.7348,-49.5865
BANANAL,SP,3504909,-22.6819,-44.3281
BARAO DE ANTONINA,SP,3505005,-23.6284,-49.5634
BARBOSA,SP,3505104,-21.2657,-49.9518
BARIRI,SP,3505203,-22.073,-48.7438
BARRA BONITA,SP,3505302,-22.4909,-48.5583
BARRA DO CHAPEU,SP,3505351,-24.4722,-49.0238
BARRA DO TURVO,SP,3505401,-24.759,-48.5013
BARRETOS,SP,3505500,-20.5531,-48.5698
BARRINHA,SP,3505609,-21.1864,-48.1636
BARUERI,SP,3505708,-23.5057,-46.879
BASTOS,SP,3505807,-21.921,-50.7357
BATATAIS,SP,3505906,-20.8929,-47.5921
BAURU,SP,3506003,-22.3246,-49.0871
BEBEDOURO,SP,3506102,-20.9491,-48.4791
BENTO DE ABREU,SP,3506201,-21.2686,-50.814
BERNARDINO DE CAMPOS,SP,3506300,-23.0164,-49.4679
BERTIOGA,SP,3506359,-23.8486,-46.1396
BILAC,SP,3506409,-21.404,-50.4746
BIRIGUI,SP,3506508,-21.291,-50.3432
BIRITIBA-MIRIM,SP,3506607,-23.5698,-46.0407
BOA ESPERANCA DO SUL,SP,3506706,-21.9918,-48.3906
BOCAINA,SP,3506805,-22.1365,-48.523
BOFETE,SP,3506904,-23.1055,-48.2582
BOITUVA,SP,3507001,-23.2855,-47.6786
BOM JESUS DOS PERDOES,SP,3507100,-23.1356,-46.4675
BOM SUCESSO DE ITARARE,SP,3507159,-24.3155,-49.1451
BORA,SP,3507209,-22.2696,-50.5409
BORACEIA,SP,3507308,-22.1926,-48.7808
BORBOREMA,SP,3507407,-21.6214,-49.0741
BOREBI,SP,3507456,-22.5728,-48.9707
BOTUCATU,SP,3507506,-22.8837,-48.4437
BRAGANCA PAULISTA,SP,3507605,-22.9527,-46.5419
BRAUNA,SP,3507704,-21.499,-50.3175
BREJO ALEGRE,SP,3507753,-21.1651,-50.1861
BRODOWSKI,SP,3507803,-20.9845,-47.6572
BROTAS,SP,3507902,-22.2795,-48.1251
BURI,SP,3508009,-23.7977,-48.5958
BURITAMA,SP,3508108,-21.0661,-50.1475
BURITIZAL,SP,3508207,-20.1911,-47.7096
CABRALIA PAULISTA,SP,3508306,-22.4576,-49.3393
CABREUVA,SP,3508405,-23.3053,-47.1362
CACAPAVA,SP,3508504,-23.0992,-45.7076
CACHOEIRA PAULISTA,SP,3508603,-22.6665,-45.0154
CACONDE,SP,3508702,-21.528,-46.6437
CAFELANDIA,SP,3508801,-21.8031,-49.6092
CAIABU,SP,3508900,-22.0127,-51.2394
CAIEIRAS,SP,3509007,-23.3607,-46.7397
CAIUA,SP,3509106,-21.8322,-51.9969
CAJAMAR,SP,3509205,-23.355,-46.8781
CAJATI,SP,3509254,-24.7324,-48.1223
CAJOBI,SP,3509304,-20.8773,-48.8063
CAJURU,SP,3509403,-21.2749,-47.303
CAMPINA DO MONTE ALEGRE,SP,3509452,-23.5895,-48.4758
CAMPINAS,SP,3509502,-22.9053,-47.0659
CAMPO LIMPO PAULISTA,SP,3509601,-23.2078,-46.7889
CAMPOS DO JORDAO,SP,3509700,-22.7296,-45.5833
CAMPOS NOVOS PAULISTA,SP,3509809,-22.602,-49.9987
CANANEIA,SP,3509908,-25.0144,-47.9341
CANAS,SP,3509957,-22.7003,-45.0521
CANDIDO MOTA,SP,3510005,-22.7471,-50.3873
CANDIDO RODRIGUES,SP,3510104,-21.3275,-48.6327
CANITAR,SP,3510153,-23.004,-49.7839
CAPAO BONITO,SP,3510203,-24.0113,-48.3482
CAPELA DO ALTO,SP,3510302,-23.4685,-47.7388
CAPIVARI,SP,3510401,-22.9951,-47.5071
CARAGUATATUBA,SP,3510500,-23.6125,-45.4125
CARAPICUIBA,SP,3510609,-23.5235,-46.8407
CARDOSO,SP,3510708,-20.08,-49.9183
CASA BRANCA,SP,3510807,-21.7708,-47.0852
CASSIA DOS COQUEIROS,SP,3510906,-21.2801,-47.1643
CASTILHO,SP,3511003,-20.8689,-51.4884
CATANDUVA,SP,3511102,-21.1314,-48.977
CATIGUA,SP,3511201,-21.0519,-49.0616
CEDRAL,SP,3511300,-20.9009,-49.2664
CERQUEIRA CESAR,SP,3511409,-23.038,-49.1655
CERQUILHO,SP,3511508,-23.1665,-47.7459
CESARIO LANGE,SP,3511607,-23.226,-47.9545
CHARQUEADA,SP,3511706,-22.5096,-47.7755
CHAVANTES,SP,3557204,-23.0366,-49.7096
CLEMENTINA,SP,3511904,-21.5604,-50.4525
COLINA,SP,3512001,-20.7114,-48.5387
COLOMBIA,SP,3512100,-20.1768,-48.6865
CONCHAL,SP,3512209,-22.3375,-47.1729
CONCHAS,SP,3512308,-23.0154,-48.0134
CORDEIROPOLIS,SP,3512407,-22.4778,-47.4519
COROADOS,SP,3512506,-21.3521,-50.2859
CORONEL MACEDO,SP,3512605,-23.6261,-49.31
CORUMBATAI,SP,3512704,-22.2213,-47.6215
COSMOPOLIS,SP,3512803,-22.6419,-47.1926
COSMORAMA,SP,3512902,-20.4755,-49.7827
COTIA,SP,3513009,-23.6022,-46.919
CRAVINHOS,SP,3513108,-21.338,-47.7324
CRISTAIS PAULISTA,SP,3513207,-20.4036,-47.4209
CRUZALIA,SP,3513306,-22.7373,-50.7909
CRUZEIRO,SP,3513405,-22.5728,-44.969
CUBATAO,SP,3513504,-23.8911,-46.424
CUNHA,SP,3513603,-23.0731,-44.9576
DESCALVADO,SP,3513702,-21.9002,-47.6181
DIADEMA,SP,3513801,-23.6813,-46.6205
DIRCE REIS,SP,3513850,-20.4642,-50.6073
DIVINOLANDIA,SP,3513900,-21.6637,-46.7361
DOBRADA,SP,3514007,-21.5155,-48.3935
DOIS CORREGOS,SP,3514106,-22.3673,-48.3819
DOLCINOPOLIS,SP,3514205,-20.124,-50.5149
DOURADO,SP,3514304,-22.1044,-48.3178
DRACENA,SP,3514403,-21.4843,-51.535
DUARTINA,SP,3514502,-22.4146,-49.4084
DUMONT,SP,3514601,-21.2324,-47.9756
ECHAPORA,SP,3514700,-22.4326,-50.2038
ELDORADO,SP,3514809,-24.5281,-48.1141
ELIAS FAUSTO,SP,3514908,-23.0428,-47.3682
ELISIARIO,SP,3514924,-21.1678,-49.1146
EMBAUBA,SP,3514957,-20.9796,-48.8325
EMBU DAS ARTES,SP,3515004,-23.6437,-46.8579
EMBU-GUACU,SP,3515103,-23.8297,-46.8136
EMILIANOPOLIS,SP,3515129,-21.8314,-51.4832
ENGENHEIRO COELHO,SP,3515152,-22.4836,-47.211
ESPIRITO SANTO DO PINHAL,SP,3515186,-22.1909,-46.7477
ESPIRITO SANTO DO TURVO,SP,3515194,-22.6925,-49.4341
ESTIVA GERBI,SP,3557303,-22.2713,-46.9481
ESTRELA DO NORTE,SP,3515301,-22.4859,-51.6632
ESTRELA D`OESTE,SP,3515202,-20.2875,-50.4049
EUCLIDES DA CUNHA PAULISTA,SP,3515350,-22.5545,-52.5928
FARTURA,SP,3515400,-23.3916,-49.5124
FERNANDO PRESTES,SP,3515608,-21.2661,-48.6874
FERNANDOPOLIS,SP,3515509,-20.2806,-50.2471
FERNAO,SP,3515657,-22.3607,-49.5187
FERRAZ DE VASCONCELOS,SP,3515707,-23.5411,-46.371
FLORA RICA,SP,3515806,-21.6727,-51.3821
FLOREAL,SP,3515905,-20.6752,-50.1513
FLORIDA PAULISTA,SP,3516002,-21.6127,-51.1724
FLORINEA,SP,3516101,-22.868,-50.6814
FRANCA,SP,3516200,-20.5352,-47.4039
FRANCISCO MORATO,SP,3516309,-23.2792,-46.7448
FRANCO DA ROCHA,SP,3516408,-23.3229,-46.729
GABRIEL MONTEIRO,SP,3516507,-21.5294,-50.5573
GALIA,SP,3516606,-22.2918,-49.5504
GARCA,SP,3516705,-22.2125,-49.6546
GASTAO VIDIGAL,SP,3516804,-20.7948,-50.1912
GAVIAO PEIXOTO,SP,3516853,-21.8367,-48.4957
GENERAL SALGADO,SP,3516903,-20.6485,-50.364
GETULINA,SP,3517000,-21.7961,-49.9312
GLICERIO,SP,3517109,-21.3812,-50.2123
GUAICARA,SP,3517208,-21.6195,-49.8013
GUAIMBE,SP,3517307,-21.9091,-49.8986
GUAIRA,SP,3517406,-20.3196,-48.312
GUAPIACU,SP,3517505,-20.7959,-49.2172
GUAPIARA,SP,3517604,-24.1892,-48.5295
GUARA,SP,3517703,-20.4302,-47.8236
GUARACAI,SP,3517802,-21.0292,-51.2119
GUARACI,SP,3517901,-20.4977,-48.9391
GUARANI D`OESTE,SP,3518008,-20.0746,-50.3411
GUARANTA,SP,3518107,-21.8942,-49.5914
GUARARAPES,SP,3518206,-21.2544,-50.6453
GUARAREMA,SP,3518305,-23.4112,-46.0369
GUARATINGUETA,SP,3518404,-22.8075,-45.1938
GUAREI,SP,3518503,-23.3714,-48.1837
GUARIBA,SP,3518602,-21.3594,-48.2316
GUARUJA,SP,3518701,-23.9888,-46.258
GUARULHOS,SP,3518800,-23.4538,-46.5333
GUATAPARA,SP,3518859,-21.4944,-48.0356
GUZOLANDIA,SP,3518909,-20.6467,-50.6645
HERCULANDIA,SP,3519006,-22.0038,-50.3907
HOLAMBRA,SP,3519055,-22.6405,-47.0487
HORTOLANDIA,SP,3519071,-22.8529,-47.2143
IACANGA,SP,3519105,-21.8896,-49.031
IACRI,SP,3519204,-21.8572,-50.6932
IARAS,SP,3519253,-22.8682,-49.1634
IBATE,SP,3519303,-21.9584,-47.9882
IBIRA,SP,3519402,-21.083,-49.2448
IBIRAREMA,SP,3519501,-22.8185,-50.0739
IBITINGA,SP,3519600,-21.7562,-48.8319
IBIUNA,SP,3519709,-23.6596,-47.223
ICEM,SP,3519808,-20.3391,-49.1915
IEPE,SP,3519907,-22.6602,-51.0779
IGARACU DO TIETE,SP,3520004,-22.509,-48.5597
IGARAPAVA,SP,3520103,-20.0407,-47.7466
IGARATA,SP,3520202,-23.2037,-46.157
IGUAPE,SP,3520301,-24.699,-47.5537
ILHA COMPRIDA,SP,3520426,-24.7307,-47.5383
ILHA SOLTEIRA,SP,3520442,-20.4326,-51.3426
ILHABELA,SP,3520400,-23.7785,-45.3552
INDAIATUBA,SP,3520509,-23.0816,-47.2101
INDIANA,SP,3520608,-22.1738,-51.2555
INDIAPORA,SP,3520707,-19.979,-50.2909
INUBIA PAULISTA,SP,3520806,-21.7695,-50.9633
IPAUSSU,SP,3520905,-23.0575,-49.6279
IPERO,SP,3521002,-23.3513,-47.6927
IPEUNA,SP,3521101,-22.4355,-47.7151
IPIGUA,SP,3521150,-20.6557,-49.3842
IPORANGA,SP,3521200,-24.5847,-48.5971
IPUA,SP,3521309,-20.4438,-48.0129
IRACEMAPOLIS,SP,3521408,-22.5832,-47.523
IRAPUA,SP,3521507,-21.2768,-49.4164
IRAPURU,SP,3521606,-21.5684,-51.3472
ITABERA,SP,3521705,-23.8638,-49.14
ITAI,SP,3521804,-23.4213,-49.092
ITAJOBI,SP,3521903,-21.3123,-49.0629
ITAJU,SP,3522000,-21.9857,-48.8116
ITANHAEM,SP,3522109,-24.1736,-46.788
ITAOCA,SP,3522158,-24.6393,-48.8413
ITAPECERICA DA SERRA,SP,3522208,-23.7161,-46.8572
ITAPETININGA,SP,3522307,-23.5886,-48.0483
ITAPEVA,SP,3522406,-23.9788,-48.8764
ITAPEVI,SP,3522505,-23.5488,-46.9327
ITAPIRA,SP,3522604,-22.4357,-46.8224
ITAPIRAPUA PAULISTA,SP,3522653,-24.572,-49.1661
ITAPOLIS,SP,3522703,-21.5942,-48.8149
ITAPORANGA,SP,3522802,-23.7043,-49.4819
ITAPUI,SP,3522901,-22.2324,-48.7197
ITAPURA,SP,3523008,-20.6419,-51.5063
ITAQUAQUECETUBA,SP,3523107,-23.4835,-46.3457
ITARARE,SP,3523206,-24.1085,-49.3352
ITARIRI,SP,3523305,-24.2834,-47.1736
ITATIBA,SP,3523404,-23.0035,-46.8464
ITATINGA,SP,3523503,-23.1047,-48.6157
ITIRAPINA,SP,3523602,-22.2562,-47.8166
ITIRAPUA,SP,3523701,-20.6416,-47.2194
ITOBI,SP,3523800,-21.7309,-46.9743
ITU,SP,3523909,-23.2544,-47.2927
ITUPEVA,SP,3524006,-23.1526,-47.0593
ITUVERAVA,SP,3524105,-20.3355,-47.7902
JABORANDI,SP,3524204,-20.6884,-48.4112
JABOTICABAL,SP,3524303,-21.252,-48.3252
JACAREI,SP,3524402,-23.2983,-45.9658
JACI,SP,3524501,-20.8805,-49.5797
JACUPIRANGA,SP,3524600,-24.6963,-48.0064
JAGUARIUNA,SP,3524709,-22.7037,-46.9851
JALES,SP,3524808,-20.2672,-50.5494
JAMBEIRO,SP,3524907,-23.2522,-45.6942
JANDIRA,SP,3525003,-23.5275,-46.9023
JARDINOPOLIS,SP,3525102,-21.0176,-47.7606
JARINU,SP,3525201,-23.1039,-46.728
JAU,SP,3525300,-22.2936,-48.5592
JERIQUARA,SP,3525409,-20.3116,-47.5918
JOANOPOLIS,SP,3525508,-22.927,-46.2741
JOAO RAMALHO,SP,3525607,-22.2473,-50.7694
JOSE BONIFACIO,SP,3525706,-21.0551,-49.6892
JULIO MESQUITA,SP,3525805,-22.0112,-49.7873
JUMIRIM,SP,3525854,-23.0884,-47.7868
JUNDIAI,SP,3525904,-23.1852,-46.8974
JUNQUEIROPOLIS,SP,3526001,-21.5103,-51.4342
JUQUIA,SP,3526100,-24.3101,-47.6426
JUQUITIBA,SP,3526209,-23.9244,-47.0653
LAGOINHA,SP,3526308,-23.0846,-45.1944
LARANJAL PAULISTA,SP,3526407,-23.0506,-47.8375
LAVINIA,SP,3526506,-21.1639,-51.0412
LAVRINHAS,SP,3526605,-22.57,-44.9024
LEME,SP,3526704,-22.1809,-47.3841
LENCOIS PAULISTA,SP,3526803,-22.6027,-48.8037
LIMEIRA,SP,3526902,-22.566,-47.397
LINDOIA,SP,3527009,-22.5226,-46.65
LINS,SP,3527108,-21.6718,-49.7526
LORENA,SP,3527207,-22.7334,-45.1197
LOURDES,SP,3527256,-20.966,-50.2263
LOUVEIRA,SP,3527306,-23.0856,-46.9484
LUCELIA,SP,3527405,-21.7182,-51.0215
LUCIANOPOLIS,SP,3527504,-22.4294,-49.522
LUIS ANTONIO,SP,3527603,-21.55,-47.7801
LUIZIANIA,SP,3527702,-21.6737,-50.3294
LUPERCIO,SP,3527801,-22.4146,-49.818
LUTECIA,SP,3527900,-22.3384,-50.394
MACATUBA,SP,3528007,-22.5002,-48.7102
MACAUBAL,SP,3528106,-20.8022,-49.9687
MACEDONIA,SP,3528205,-20.1444,-50.1973
MAGDA,SP,3528304,-20.6445,-50.2305
MAIRINQUE,SP,3528403,-23.5398,-47.185
MAIRIPORA,SP,3528502,-23.3171,-46.5897
MANDURI,SP,3528601,-23.0056,-49.3202
MARABA PAULISTA,SP,3528700,-22.1068,-51.9617
MARACAI,SP,3528809,-22.6149,-50.6713
MARAPOAMA,SP,3528858,-21.2587,-49.13
MARIAPOLIS,SP,3528908,-21.7959,-51.1824
MARILIA,SP,3529005,-22.2171,-49.9501
MARINOPOLIS,SP,3529104,-20.4389,-50.8254
MARTINOPOLIS,SP,3529203,-22.1462,-51.1709
MATAO,SP,3529302,-21.6025,-48.364
MAUA,SP,3529401,-23.6677,-46.4613
MENDONCA,SP,3529500,-21.1757,-49.5791
MERIDIANO,SP,3529609,-20.3579,-50.1811
MESOPOLIS,SP,3529658,-19.9684,-50.6326
MIGUELOPOLIS,SP,3529708,-20.1796,-48.031
MINEIROS DO TIETE,SP,3529807,-22.412,-48.451
MIRA ESTRELA,SP,3530003,-19.9789,-50.139
MIRACATU,SP,3529906,-24.2766,-47.4625
MIRANDOPOLIS,SP,3530102,-21.1313,-51.1035
MIRANTE DO PARANAPANEMA,SP,3530201,-22.2904,-51.9084
MIRASSOL,SP,3530300,-20.8169,-49.5206
MIRASSOLANDIA,SP,3530409,-20.6179,-49.4617
MOCOCA,SP,3530508,-21.4647,-47.0024
MOGI DAS CRUZES,SP,3530607,-23.5208,-46.1854
MOGI GUACU,SP,3530706,-22.3675,-46.9428
MOGI MIRIM,SP,3530805,-22.4332,-46.9532
MOMBUCA,SP,3530904,-22.9285,-47.559
MONCOES,SP,3531001,-20.8509,-50.0975
MONGAGUA,SP,3531100,-24.0809,-46.6265
MONTE ALEGRE DO SUL,SP,3531209,-22.6817,-46.681
MONTE ALTO,SP,3531308,-21.2655,-48.4971
MONTE APRAZIVEL,SP,3531407,-20.768,-49.7184
MONTE AZUL PAULISTA,SP,3531506,-20.9065,-48.6387
MONTE CASTELO,SP,3531605,-21.2981,-51.5679
MONTE MOR,SP,3531803,-22.945,-47.3122
MONTEIRO LOBATO,SP,3531704,-22.9544,-45.8407
MORRO AGUDO,SP,3531902,-20.7288,-48.0581
MORUNGABA,SP,3532009,-22.8811,-46.7896
MOTUCA,SP,3532058,-21.5103,-48.1538
MURUTINGA DO SUL,SP,3532108,-20.9908,-51.2774
NANTES,SP,3532157,-22.6156,-51.24
NARANDIBA,SP,3532207,-22.4057,-51.5274
NATIVIDADE DA SERRA,SP,3532306,-23.3707,-45.4468
NAZARE PAULISTA,SP,3532405,-23.1747,-46.3983
NEVES PAULISTA,SP,3532504,-20.843,-49.6358
NHANDEARA,SP,3532603,-20.6945,-50.0436
NIPOA,SP,3532702,-20.9114,-49.7833
NOVA ALIANCA,SP,3532801,-21.0156,-49.4986
NOVA CAMPINA,SP,3532827,-24.1224,-48.9022
NOVA CANAA PAULISTA,SP,3532843,-20.3836,-50.9483
NOVA CASTILHO,SP,3532868,-20.7615,-50.3477
NOVA EUROPA,SP,3532900,-21.7765,-48.5705
NOVA GRANADA,SP,3533007,-20.5321,-49.3123
NOVA GUATAPORANGA,SP,3533106,-21.332,-51.6447
NOVA INDEPENDENCIA,SP,3533205,-21.1026,-51.4905
NOVA LUZITANIA,SP,3533304,-20.856,-50.2617
NOVA ODESSA,SP,3533403,-22.7832,-47.2941
NOVAIS,SP,3533254,-20.9893,-48.9141
NOVO HORIZONTE,SP,3533502,-21.4651,-49.2234
NUPORANGA,SP,3533601,-20.7296,-47.7429
OCAUCU,SP,3533700,-22.438,-49.922
OLEO,SP,3533809,-22.9435,-49.3419
OLIMPIA,SP,3533908,-20.7366,-48.9106
ONDA VERDE,SP,3534005,-20.6042,-49.2929
ORIENTE,SP,3534104,-22.1549,-50.0971
ORINDIUVA,SP,3534203,-20.1861,-49.3464
ORLANDIA,SP,3534302,-20.7169,-47.8852
OSASCO,SP,3534401,-23.5324,-46.7916
OSCAR BRESSANE,SP,3534500,-22.3149,-50.2811
OSVALDO CRUZ,SP,3534609,-21.7968,-50.8793
OURINHOS,SP,3534708,-22.9797,-49.8697
OURO VERDE,SP,3534807,-21.4872,-51.7024
OUROESTE,SP,3534757,-20.0061,-50.3768
PACAEMBU,SP,3534906,-21.5627,-51.2654
PALESTINA,SP,3535002,-20.39,-49.4309
PALMARES PAULISTA,SP,3535101,-21.0854,-48.8037
PALMEIRA D`OESTE,SP,3535200,-20.4148,-50.7632
PALMITAL,SP,3535309,-22.7858,-50.218
PANORAMA,SP,3535408,-21.354,-51.8562
PARAGUACU PAULISTA,SP,3535507,-22.4114,-50.5732
PARAIBUNA,SP,3535606,-23.3872,-45.6639
PARAISO,SP,3535705,-21.0159,-48.7761
PARANAPANEMA,SP,3535804,-23.3862,-48.7214
PARANAPUA,SP,3535903,-20.1048,-50.5886
PARAPUA,SP,3536000,-21.7792,-50.7949
PARDINHO,SP,3536109,-23.0841,-48.3679
PARIQUERA-ACU,SP,3536208,-24.7147,-47.8742
PARISI,SP,3536257,-20.3034,-50.0163
PATROCINIO PAULISTA,SP,3536307,-20.6384,-47.2801
PAULICEIA,SP,3536406,-21.3153,-51.8321
PAULINIA,SP,3536505,-22.7542,-47.1488
PAULISTANIA,SP,3536570,-22.5768,-49.4008
PAULO DE FARIA,SP,3536604,-20.0296,-49.4
PEDERNEIRAS,SP,3536703,-22.3511,-48.7781
PEDRA BELA,SP,3536802,-22.7902,-46.4455
PEDRANOPOLIS,SP,3536901,-20.2474,-50.1129
PEDREGULHO,SP,3537008,-20.2535,-47.4775
PEDREIRA,SP,3537107,-22.7413,-46.8948
PEDRINHAS PAULISTA,SP,3537156,-22.8174,-50.7933
PEDRO DE TOLEDO,SP,3537206,-24.2764,-47.2354
PENAPOLIS,SP,3537305,-21.4148,-50.0769
PEREIRA BARRETO,SP,3537404,-20.6368,-51.1123
PEREIRAS,SP,3537503,-23.0804,-47.972
PERUIBE,SP,3537602,-24.312,-47.0012
PIACATU,SP,3537701,-21.5921,-50.6003
PIEDADE,SP,3537800,-23.7139,-47.4256
PILAR DO SUL,SP,3537909,-23.8077,-47.7222
PINDAMONHANGABA,SP,3538006,-22.9246,-45.4613
PINDORAMA,SP,3538105,-21.1853,-48.9086
PINHALZINHO,SP,3538204,-22.7811,-46.5897
PIQUEROBI,SP,3538303,-21.8747,-51.7282
PIQUETE,SP,3538501,-22.6069,-45.1869
PIRACAIA,SP,3538600,-23.0525,-46.3594
PIRACICABA,SP,3538709,-22.7338,-47.6476
PIRAJU,SP,3538808,-23.1981,-49.3803
PIRAJUI,SP,3538907,-21.999,-49.4608
PIRANGI,SP,3539004,-21.0886,-48.6607
PIRAPORA DO BOM JESUS,SP,3539103,-23.3965,-46.9991
PIRAPOZINHO,SP,3539202,-22.2711,-51.4976
PIRASSUNUNGA,SP,3539301,-21.996,-47.4257
PIRATININGA,SP,3539400,-22.4142,-49.1339
PITANGUEIRAS,SP,3539509,-21.0132,-48.221
PLANALTO,SP,3539608,-21.0342,-49.933
PLATINA,SP,3539707,-22.6371,-50.2104
POA,SP,3539806,-23.5333,-46.3473
POLONI,SP,3539905,-20.7829,-49.8258
POMPEIA,SP,3540002,-22.107,-50.176
PONGAI,SP,3540101,-21.7396,-49.3604
PONTAL,SP,3540200,-21.0216,-48.0423
PONTALINDA,SP,3540259,-20.4396,-50.5258
PONTES GESTAL,SP,3540309,-20.1727,-49.7064
POPULINA,SP,3540408,-19.9453,-50.538
PORANGABA,SP,3540507,-23.1761,-48.1195
PORTO FELIZ,SP,3540606,-23.2093,-47.5251
PORTO FERREIRA,SP,3540705,-21.8498,-47.487
POTIM,SP,3540754,-22.8343,-45.2552
POTIRENDABA,SP,3540804,-21.0428,-49.3815
PRACINHA,SP,3540853,-21.8496,-51.0868
PRADOPOLIS,SP,3540903,-21.3626,-48.0679
PRAIA GRANDE,SP,3541000,-24.0084,-46.4121
PRATANIA,SP,3541059,-22.8112,-48.6636
PRESIDENTE ALVES,SP,3541109,-22.0999,-49.4381
PRESIDENTE BERNARDES,SP,3541208,-22.0082,-51.5565
PRESIDENTE EPITACIO,SP,3541307,-21.7651,-52.1111
PRESIDENTE PRUDENTE,SP,3541406,-22.1207,-51.3925
PRESIDENTE VENCESLAU,SP,3541505,-21.8732,-51.8447
PROMISSAO,SP,3541604,-21.5356,-49.8599
QUADRA,SP,3541653,-23.2993,-48.0547
QUATA,SP,3541703,-22.2456,-50.6966
QUEIROZ,SP,3541802,-21.7969,-50.2415
QUELUZ,SP,3541901,-22.5312,-44.7781
QUINTANA,SP,3542008,-22.0692,-50.307
RAFARD,SP,3542107,-23.0105,-47.5318
RANCHARIA,SP,3542206,-22.2269,-50.893
REDENCAO DA SERRA,SP,3542305,-23.2638,-45.5422
REGENTE FEIJO,SP,3542404,-22.2181,-51.3055
REGINOPOLIS,SP,3542503,-21.8914,-49.2268
REGISTRO,SP,3542602,-24.4979,-47.8449
RESTINGA,SP,3542701,-20.6056,-47.4833
RIBEIRA,SP,3542800,-24.6517,-49.0044
RIBEIRAO BONITO,SP,3542909,-22.0685,-48.182
RIBEIRAO BRANCO,SP,3543006,-24.2206,-48.7635
RIBEIRAO CORRENTE,SP,3543105,-20.4579,-47.5904
RIBEIRAO DO SUL,SP,3543204,-22.789,-49.933
RIBEIRAO DOS INDIOS,SP,3543238,-21.8382,-51.6103
RIBEIRAO GRANDE,SP,3543253,-24.1011,-48.3679
RIBEIRAO PIRES,SP,3543303,-23.7067,-46.4058
RIBEIRAO PRETO,SP,3543402,-21.1699,-47.8099
RIFAINA,SP,3543600,-20.0803,-47.4291
RINCAO,SP,3543709,-21.5894,-48.0728
RINOPOLIS,SP,3543808,-21.7284,-50.7239
RIO CLARO,SP,3543907,-22.3984,-47.5546
RIO DAS PEDRAS,SP,3544004,-22.8417,-47.6047
RIO GRANDE DA SERRA,SP,3544103,-23.7437,-46.3971
RIOLANDIA,SP,3544202,-19.9868,-49.6836
RIVERSUL,SP,3543501,-23.829,-49.429
ROSANA,SP,3544251,-22.5782,-53.0603
ROSEIRA,SP,3544301,-22.8938,-45.307
RUBIACEA,SP,3544400,-21.3006,-50.7296
RUBINEIA,SP,3544509,-20.1759,-51.007
SABINO,SP,3544608,-21.4593,-49.5755
SAGRES,SP,3544707,-21.8823,-50.9594
SALES,SP,3544806,-21.3427,-49.4897
SALES OLIVEIRA,SP,3544905,-20.7696,-47.8369
SALESOPOLIS,SP,3545001,-23.5288,-45.8465
SALMOURAO,SP,3545100,-21.6267,-50.8614
SALTINHO,SP,3545159,-22.8442,-47.6754
SALTO,SP,3545209,-23.1996,-47.2931
SALTO DE PIRAPORA,SP,3545308,-23.6474,-47.5743
SALTO GRANDE,SP,3545407,-22.8894,-49.9831
SANDOVALINA,SP,3545506,-22.4551,-51.7648
SANTA ADELIA,SP,3545605,-21.2427,-48.8063
SANTA ALBERTINA,SP,3545704,-20.0311,-50.7297
SANTA BARBARA D`OESTE,SP,3545803,-22.7553,-47.4143
SANTA BRANCA,SP,3546009,-23.3933,-45.8875
SANTA CLARA D`OESTE,SP,3546108,-20.09,-50.9491
SANTA CRUZ DA CONCEICAO,SP,3546207,-22.1405,-47.4512
SANTA CRUZ DA ESPERANCA,SP,3546256,-21.2951,-47.4304
SANTA CRUZ DAS PALMEIRAS,SP,3546306,-21.8235,-47.248
SANTA CRUZ DO RIO PARDO,SP,3546405,-22.8988,-49.6354
SANTA ERNESTINA,SP,3546504,-21.4618,-48.3953
SANTA FE DO SUL,SP,3546603,-20.2083,-50.932
SANTA GERTRUDES,SP,3546702,-22.4572,-47.5272
SANTA ISABEL,SP,3546801,-23.3172,-46.2237
SANTA LUCIA,SP,3546900,-21.685,-48.0885
SANTA MARIA DA SERRA,SP,3547007,-22.5661,-48.1593
SANTA MERCEDES,SP,3547106,-21.3495,-51.7564
SANTA RITA DO PASSA QUATRO,SP,3547502,-21.7083,-47.478
SANTA RITA D`OESTE,SP,3547403,-20.1414,-50.8358
SANTA ROSA DE VITERBO,SP,3547601,-21.4776,-47.3622
SANTA SALETE,SP,3547650,-20.2429,-50.6887
SANTANA DA PONTE PENSA,SP,3547205,-20.2523,-50.8014
SANTANA DE PARNAIBA,SP,3547304,-23.4439,-46.9178
SANTO ANASTACIO,SP,3547700,-21.9747,-51.6527
SANTO ANDRE,SP,3547809,-23.6737,-46.5432
SANTO ANTONIO DA ALEGRIA,SP,3547908,-21.0864,-47.1464
SANTO ANTONIO DE POSSE,SP,3548005,-22.6029,-46.9192
SANTO ANTONIO DO ARACANGUA,SP,3548054,-20.9331,-50.498
SANTO ANTONIO DO JARDIM,SP,3548104,-22.1121,-46.6845
SANTO ANTONIO DO PINHAL,SP,3548203,-22.827,-45.663
SANTO EXPEDITO,SP,3548302,-21.8467,-51.3929
SANTOPOLIS DO AGUAPEI,SP,3548401,-21.6376,-50.5044
SANTOS,SP,3548500,-23.9535,-46.335
SAO BENTO DO SAPUCAI,SP,3548609,-22.6837,-45.7287
SAO BERNARDO DO CAMPO,SP,3548708,-23.6914,-46.5646
SAO CAETANO DO SUL,SP,3548807,-23.6229,-46.5548
SAO CARLOS,SP,3548906,-22.0174,-47.886
SAO FRANCISCO,SP,3549003,-20.3623,-50.6952
SAO JOAO DA BOA VISTA,SP,3549102,-21.9707,-46.7944
SAO JOAO DAS DUAS PONTES,SP,3549201,-20.3879,-50.3792
SAO JOAO DE IRACEMA,SP,3549250,-20.5111,-50.3561
SAO JOAO DO PAU D`ALHO,SP,3549300,-21.2662,-51.6672
SAO JOAQUIM DA BARRA,SP,3549409,-20.5812,-47.8593
SAO JOSE DA BELA VISTA,SP,3549508,-20.5935,-47.6424
SAO JOSE DO BARREIRO,SP,3549607,-22.6414,-44.5774
SAO JOSE DO RIO PARDO,SP,3549706,-21.5953,-46.8873
SAO JOSE DO RIO PRETO,SP,3549805,-20.8113,-49.3758
SAO JOSE DOS CAMPOS,SP,3549904,-23.1896,-45.8841
SAO LOURENCO DA SERRA,SP,3549953,-23.8491,-46.9432
SAO LUIZ DO PARAITINGA,SP,3550001,-23.222,-45.3109
SAO MANUEL,SP,3550100,-22.7321,-48.5723
SAO MIGUEL ARCANJO,SP,3550209,-23.8782,-47.9935
SAO PAULO,SP,3550308,-23.5329,-46.6395
SAO PEDRO,SP,3550407,-22.5483,-47.9096
SAO PEDRO DO TURVO,SP,3550506,-22.7453,-49.7428
SAO ROQUE,SP,3550605,-23.5226,-47.1357
SAO SEBASTIAO,SP,3550704,-23.7951,-45.4143
SAO SEBASTIAO DA GRAMA,SP,3550803,-21.7041,-46.8208
SAO SIMAO,SP,3550902,-21.4732,-47.5518
SAO VICENTE,SP,3551009,-23.9574,-46.3883
SARAPUI,SP,3551108,-23.6397,-47.8249
SARUTAIA,SP,3551207,-23.2721,-49.4763
SEBASTIANOPOLIS DO SUL,SP,3551306,-20.6523,-49.925
SERRA AZUL,SP,3551405,-21.3074,-47.5602
SERRA NEGRA,SP,3551603,-22.6139,-46.7033
SERRANA,SP,3551504,-21.2043,-47.5952
SERTAOZINHO,SP,3551702,-21.1316,-47.9875
SETE BARRAS,SP,3551801,-24.382,-47.9279
SEVERINIA,SP,3551900,-20.8108,-48.8054
SILVEIRAS,SP,3552007,-22.6638,-44.8522
SOCORRO,SP,3552106,-22.5903,-46.5251
SOROCABA,SP,3552205,-23.4969,-47.4451
SUD MENNUCCI,SP,3552304,-20.6872,-50.9238
SUMARE,SP,3552403,-22.8204,-47.2728
SUZANAPOLIS,SP,3552551,-20.4981,-51.0268
SUZANO,SP,3552502,-23.5448,-46.3112
TABAPUA,SP,3552601,-20.9602,-49.0307
TABATINGA,SP,3552700,-21.7239,-48.6896
TABOAO DA SERRA,SP,3552809,-23.6019,-46.7526
TACIBA,SP,3552908,-22.3866,-51.2882
TAGUAI,SP,3553005,-23.4452,-49.4024
TAIACU,SP,3553104,-21.1431,-48.5112
TAIUVA,SP,3553203,-21.1223,-48.4528
TAMBAU,SP,3553302,-21.7029,-47.2703
TANABI,SP,3553401,-20.6228,-49.6563
TAPIRAI,SP,3553500,-23.9612,-47.5062
TAPIRATIBA,SP,3553609,-21.4713,-46.7448
TAQUARAL,SP,3553658,-21.0737,-48.4126
TAQUARITINGA,SP,3553708,-21.4049,-48.5103
TAQUARITUBA,SP,3553807,-23.5307,-49.241
TAQUARIVAI,SP,3553856,-23.9211,-48.6948
TARABAI,SP,3553906,-22.3016,-51.5621
TARUMA,SP,3553955,-22.7429,-50.5786
TATUI,SP,3554003,-23.3487,-47.8461
TAUBATE,SP,3554102,-23.0104,-45.5593
TEJUPA,SP,3554201,-23.3425,-49.3722
TEODORO SAMPAIO,SP,3554300,-22.5299,-52.1682
TERRA ROXA,SP,3554409,-20.787,-48.3314
TIETE,SP,3554508,-23.1101,-47.7164
TIMBURI,SP,3554607,-23.2057,-49.6096
TORRE DE PEDRA,SP,3554656,-23.2462,-48.1955
TORRINHA,SP,3554706,-22.4237,-48.1731
TRABIJU,SP,3554755,-22.0388,-48.3342
TREMEMBE,SP,3554805,-22.9571,-45.5475
TRES FRONTEIRAS,SP,3554904,-20.2344,-50.8905
TUIUTI,SP,3554953,-22.8193,-46.6937
TUPA,SP,3555000,-21.9335,-50.5191
TUPI PAULISTA,SP,3555109,-21.3825,-51.575
TURIUBA,SP,3555208,-20.9428,-50.1135
TURMALINA,SP,3555307,-20.0486,-50.4792
UBARANA,SP,3555356,-21.165,-49.7198
UBATUBA,SP,3555406,-23.4332,-45.0834
UBIRAJARA,SP,3555505,-22.5272,-49.6613
UCHOA,SP,3555604,-20.9511,-49.1713
UNIAO PAULISTA,SP,3555703,-20.8862,-49.9025
URANIA,SP,3555802,-20.2455,-50.6455
URU,SP,3555901,-21.7866,-49.2848
URUPES,SP,3556008,-21.2032,-49.2931
VALENTIM GENTIL,SP,3556107,-20.4217,-50.0889
VALINHOS,SP,3556206,-22.9698,-46.9974
VALPARAISO,SP,3556305,-21.2229,-50.8699
VARGEM,SP,3556354,-22.887,-46.4124
VARGEM GRANDE DO SUL,SP,3556404,-21.8322,-46.8913
VARGEM GRANDE PAULISTA,SP,3556453,-23.5993,-47.022
VARZEA PAULISTA,SP,3556503,-23.2136,-46.8234
VERA CRUZ,SP,3556602,-22.2183,-49.8207
VINHEDO,SP,3556701,-23.0302,-46.9833
VIRADOURO,SP,3556800,-20.8734,-48.293
VISTA ALEGRE DO ALTO,SP,3556909,-21.1692,-48.6284
VITORIA BRASIL,SP,3556958,-20.1956,-50.4875
VOTORANTIM,SP,3557006,-23.5446,-47.4388
VOTUPORANGA,SP,3557105,-20.4237,-49.9781
ZACARIAS,SP,3557154,-21.0506,-50.0552
ABREULANDIA,TO,1700251,-9.62101,-49.1518
AGUIARNOPOLIS,TO,1700301,-6.55409,-47.4702
ALIANCA DO TOCANTINS,TO,1700350,-11.3056,-48.9361
ALMAS,TO,1700400,-11.5706,-47.1792
ALVORADA,TO,1700707,-12.4785,-49.1249
ANANAS,TO,1701002,-6.36437,-48.0735
ANGICO,TO,1701051,-6.39179,-47.8611
APARECIDA DO RIO NEGRO,TO,1701101,-9.94139,-47.9638
ARAGOMINAS,TO,1701309,-7.16005,-48.5291
ARAGUACEMA,TO,1701903,-8.80755,-49.5569
ARAGUACU,TO,1702000,-12.9289,-49.8231
ARAGUAINA,TO,1702109,-7.19238,-48.2044
ARAGUANA,TO,1702158,-6.58225,-48.6395
ARAGUATINS,TO,1702208,-5.64659,-48.1232
ARAPOEMA,TO,1702307,-7.65463,-49.0637
ARRAIAS,TO,1702406,-12.9287,-46.9359
AUGUSTINOPOLIS,TO,1702554,-5.46863,-47.8863
AURORA DO TOCANTINS,TO,1702703,-12.7105,-46.4076
AXIXA DO TOCANTINS,TO,1702901,-5.61275,-47.7701
BABACULANDIA,TO,1703008,-7.20923,-47.7613
BANDEIRANTES DO TOCANTINS,TO,1703057,-7.75612,-48.5836
BARRA DO OURO,TO,1703073,-7.69593,-47.6776
BARROLANDIA,TO,1703107,-9.83404,-48.7252
BERNARDO SAYAO,TO,1703206,-7.87481,-48.8893
BOM JESUS DO TOCANTINS,TO,1703305,-8.96306,-48.165
BRASILANDIA DO TOCANTINS,TO,1703602,-8.38918,-48.4822
BREJINHO DE NAZARE,TO,1703701,-11.0058,-48.5683
BURITI DO TOCANTINS,TO,1703800,-5.31448,-48.2271
CACHOEIRINHA,TO,1703826,-6.1156,-47.9234
CAMPOS LINDOS,TO,1703842,-7.98956,-46.8645
CARIRI DO TOCANTINS,TO,1703867,-11.8881,-49.1609
CARMOLANDIA,TO,1703883,-7.03262,-48.3978
CARRASCO BONITO,TO,1703891,-5.31415,-48.0314
CASEARA,TO,1703909,-9.27612,-49.9521
CENTENARIO,TO,1704105,-8.96103,-47.3304
CHAPADA DA NATIVIDADE,TO,1705102,-11.6175,-47.7486
CHAPADA DE AREIA,TO,1704600,-10.1419,-49.1403
COLINAS DO TOCANTINS,TO,1705508,-8.05764,-48.4757
COLMEIA,TO,1716703,-8.72463,-48.7638
COMBINADO,TO,1705557,-12.7917,-46.5388
CONCEICAO DO TOCANTINS,TO,1705607,-12.2209,-47.2951
COUTO MAGALHAES,TO,1706001,-8.28411,-49.2473
CRISTALANDIA,TO,1706100,-10.5985,-49.1942
CRIXAS DO TOCANTINS,TO,1706258,-11.0994,-48.9152
DARCINOPOLIS,TO,1706506,-6.71591,-47.7597
DIANOPOLIS,TO,1707009,-11.624,-46.8198
DIVINOPOLIS DO TOCANTINS,TO,1707108,-9.80018,-49.2169
DOIS IRMAOS DO TOCANTINS,TO,1707207,-9.25534,-49.0638
DUERE,TO,1707306,-11.3416,-49.2716
ESPERANTINA,TO,1707405,-5.36593,-48.5378
FATIMA,TO,1707553,-10.7603,-48.9076
FIGUEIROPOLIS,TO,1707652,-12.1312,-49.1748
FILADELFIA,TO,1707702,-7.33501,-47.4954
FORMOSO DO ARAGUAIA,TO,1708205,-11.7976,-49.5316
FORTALEZA DO TABOCAO,TO,1708254,-9.05611,-48.5206
GOIANORTE,TO,1708304,-8.77413,-48.9313
GOIATINS,TO,1709005,-7.71478,-47.3252
GUARAI,TO,1709302,-8.83543,-48.5114
GURUPI,TO,1709500,-11.7279,-49.068
IPUEIRAS,TO,1709807,-11.2329,-48.46
ITACAJA,TO,1710508,-8.39293,-47.7726
ITAGUATINS,TO,1710706,-5.77267,-47.4864
ITAPIRATINS,TO,1710904,-8.37982,-48.1072
ITAPORA DO TOCANTINS,TO,1711100,-8.57172,-48.6895
JAU DO TOCANTINS,TO,1711506,-12.6509,-48.589
JUARINA,TO,1711803,-8.11951,-49.0643
LAGOA DA CONFUSAO,TO,1711902,-10.7906,-49.6199
LAGOA DO TOCANTINS,TO,1711951,-10.368,-47.538
LAJEADO,TO,1712009,-9.74996,-48.3565
LAVANDEIRA,TO,1712157,-12.7847,-46.5099
LIZARDA,TO,1712405,-9.59002,-46.6738
LUZINOPOLIS,TO,1712454,-6.17794,-47.8582
MARIANOPOLIS DO TOCANTINS,TO,1712504,-9.79377,-49.6553
MATEIROS,TO,1712702,-10.5464,-46.4168
MAURILANDIA DO TOCANTINS,TO,1712801,-5.95169,-47.5125
MIRACEMA DO TOCANTINS,TO,1713205,-9.56556,-48.393
MIRANORTE,TO,1713304,-9.52907,-48.5922
MONTE DO CARMO,TO,1713601,-10.7611,-48.1114
MONTE SANTO DO TOCANTINS,TO,1713700,-10.0075,-48.9941
MURICILANDIA,TO,1713957,-7.14669,-48.6091
NATIVIDADE,TO,1714203,-11.7034,-47.7223
NAZARE,TO,1714302,-6.37496,-47.6643
NOVA OLINDA,TO,1714880,-7.63171,-48.4252
NOVA ROSALANDIA,TO,1715002,-10.5651,-48.9125
NOVO ACORDO,TO,1715101,-9.97063,-47.6785
NOVO ALEGRE,TO,1715150,-12.9217,-46.5713
NOVO JARDIM,TO,1715259,-11.826,-46.6325
OLIVEIRA DE FATIMA,TO,1715507,-10.707,-48.9086
PALMAS,TO,1721000,-10.24,-48.3558
PALMEIRANTE,TO,1715705,-7.84786,-47.9242
PALMEIRAS DO TOCANTINS,TO,1713809,-6.61658,-47.5464
PALMEIROPOLIS,TO,1715754,-13.0447,-48.4026
PARAISO DO TOCANTINS,TO,1716109,-10.175,-48.8823
PARANA,TO,1716208,-12.6167,-47.8734
PAU D`ARCO,TO,1716307,-7.53919,-49.367
PEDRO AFONSO,TO,1716505,-8.97034,-48.1729
PEIXE,TO,1716604,-12.0254,-48.5395
PEQUIZEIRO,TO,1716653,-8.5932,-48.9327
PINDORAMA DO TOCANTINS,TO,1717008,-11.1311,-47.5726
PIRAQUE,TO,1717206,-6.77302,-48.2958
PIUM,TO,1717503,-10.442,-49.1876
PONTE ALTA DO BOM JESUS,TO,1717800,-12.0853,-46.4825
PONTE ALTA DO TOCANTINS,TO,1717909,-10.7481,-47.5276
PORTO ALEGRE DO TOCANTINS,TO,1718006,-11.618,-47.0621
PORTO NACIONAL,TO,1718204,-10.7027,-48.408
PRAIA NORTE,TO,1718303,-5.39281,-47.8111
PRESIDENTE KENNEDY,TO,1718402,-8.5406,-48.5062
PUGMIL,TO,1718451,-10.424,-48.8957
RECURSOLANDIA,TO,1718501,-8.7227,-47.2421
RIACHINHO,TO,1718550,-6.44005,-48.1371
RIO DA CONCEICAO,TO,1718659,-11.3949,-46.8847
RIO DOS BOIS,TO,1718709,-9.34425,-48.5245
RIO SONO,TO,1718758,-9.35002,-47.888
SAMPAIO,TO,1718808,-5.35423,-47.8782
SANDOLANDIA,TO,1718840,-12.538,-49.9242
SANTA FE DO ARAGUAIA,TO,1718865,-7.15803,-48.7165
SANTA MARIA DO TOCANTINS,TO,1718881,-8.8046,-47.7887
SANTA RITA DO TOCANTINS,TO,1718899,-10.8617,-48.9161
SANTA ROSA DO TOCANTINS,TO,1718907,-11.4474,-48.1216
SANTA TEREZA DO TOCANTINS,TO,1719004,-10.2746,-47.8033
SANTA TEREZINHA DO TOCANTINS,TO,1720002,-6.44438,-47.6684
SAO BENTO DO TOCANTINS,TO,1720101,-6.0258,-47.9012
SAO FELIX DO TOCANTINS,TO,1720150,-10.1615,-46.6618
SAO MIGUEL DO TOCANTINS,TO,1720200,-5.56305,-47.5743
SAO SALVADOR DO TOCANTINS,TO,1720259,-12.7458,-48.2352
SAO SEBASTIAO DO TOCANTINS,TO,1720309,-5.26131,-48.2021
SAO VALERIO,TO,1720499,-11.9743,-48.2353
SILVANOPOLIS,TO,1720655,-11.1471,-48.1694
SITIO NOVO DO TOCANTINS,TO,1720804,-5.6012,-47.6381
SUCUPIRA,TO,1720853,-11.993,-48.9685
TAGUATINGA,TO,1720903,-12.4026,-46.437
TAIPAS DO TOCANTINS,TO,1720937,-12.1873,-46.9797
TALISMA,TO,1720978,-12.7949,-49.0896
TOCANTINIA,TO,1721109,-9.5632,-48.3741
TOCANTINOPOLIS,TO,1721208,-6.32447,-47.4224
TUPIRAMA,TO,1721257,-8.97168,-48.1883
TUPIRATINS,TO,1721307,-8.39388,-48.1277
WANDERLANDIA,TO,1722081,-6.85274,-47.9601
XAMBIOA,TO,1722107,-6.4141,-48.532
